region_id,asof,source,dem_visit_k,dem_for_pct,dem_cv_pct
1-23,2025-06~2026-05,tourapi_datalab_visitor,164900,7,8
1-24,2025-06~2026-05,tourapi_datalab_visitor,176791,14,6
1-21,2025-06~2026-05,tourapi_datalab_visitor,130739,7,6
1-16,2025-06~2026-05,tourapi_datalab_visitor,85600,6,8
1-6,2025-06~2026-05,tourapi_datalab_visitor,79197,2,7
1-11,2025-06~2026-05,tourapi_datalab_visitor,62125,3,9
1-25,2025-06~2026-05,tourapi_datalab_visitor,38447,1,6
1-17,2025-06~2026-05,tourapi_datalab_visitor,64013,2,11
1-3,2025-06~2026-05,tourapi_datalab_visitor,36033,1,6
1-10,2025-06~2026-05,tourapi_datalab_visitor,35398,1,6
1-9,2025-06~2026-05,tourapi_datalab_visitor,63548,1,6
1-22,2025-06~2026-05,tourapi_datalab_visitor,39007,2,5
1-14,2025-06~2026-05,tourapi_datalab_visitor,96398,4,8
1-13,2025-06~2026-05,tourapi_datalab_visitor,137125,8,5
1-19,2025-06~2026-05,tourapi_datalab_visitor,42923,1,4
1-4,2025-06~2026-05,tourapi_datalab_visitor,103427,5,4
1-7,2025-06~2026-05,tourapi_datalab_visitor,71189,2,4
1-8,2025-06~2026-05,tourapi_datalab_visitor,31847,2,5
1-20,2025-06~2026-05,tourapi_datalab_visitor,127286,3,5
1-12,2025-06~2026-05,tourapi_datalab_visitor,70930,2,7
1-5,2025-06~2026-05,tourapi_datalab_visitor,71683,2,7
1-15,2025-06~2026-05,tourapi_datalab_visitor,199507,2,5
1-1,2025-06~2026-05,tourapi_datalab_visitor,240316,4,6
1-18,2025-06~2026-05,tourapi_datalab_visitor,140447,2,5
1-2,2025-06~2026-05,tourapi_datalab_visitor,58649,1,4
6-15,2025-06~2026-05,tourapi_datalab_visitor,44444,7,5
6-11,2025-06~2026-05,tourapi_datalab_visitor,24229,10,5
6-5,2025-06~2026-05,tourapi_datalab_visitor,42025,6,6
6-14,2025-06~2026-05,tourapi_datalab_visitor,21792,12,7
6-7,2025-06~2026-05,tourapi_datalab_visitor,80935,4,4
6-6,2025-06~2026-05,tourapi_datalab_visitor,43464,1,4
6-4,2025-06~2026-05,tourapi_datalab_visitor,35468,6,7
6-8,2025-06~2026-05,tourapi_datalab_visitor,25896,1,5
6-16,2025-06~2026-05,tourapi_datalab_visitor,79204,7,7
6-10,2025-06~2026-05,tourapi_datalab_visitor,26975,5,7
6-2,2025-06~2026-05,tourapi_datalab_visitor,31868,2,9
6-1,2025-06~2026-05,tourapi_datalab_visitor,52153,12,4
6-13,2025-06~2026-05,tourapi_datalab_visitor,33332,1,4
6-12,2025-06~2026-05,tourapi_datalab_visitor,44671,4,7
6-9,2025-06~2026-05,tourapi_datalab_visitor,30696,3,6
6-3,2025-06~2026-05,tourapi_datalab_visitor,44864,5,8
4-8,2025-06~2026-05,tourapi_datalab_visitor,71610,1,6
4-4,2025-06~2026-05,tourapi_datalab_visitor,68762,1,5
4-6,2025-06~2026-05,tourapi_datalab_visitor,23276,1,5
4-1,2025-06~2026-05,tourapi_datalab_visitor,28028,1,6
4-5,2025-06~2026-05,tourapi_datalab_visitor,55573,1,6
4-7,2025-06~2026-05,tourapi_datalab_visitor,53696,1,5
4-2,2025-06~2026-05,tourapi_datalab_visitor,57838,1,5
4-3,2025-06~2026-05,tourapi_datalab_visitor,32099,1,6
4-9,2025-06~2026-05,tourapi_datalab_visitor,8006,1,18
2-10,2025-06~2026-05,tourapi_datalab_visitor,128434,17,5
2-5,2025-06~2026-05,tourapi_datalab_visitor,9764,1,8
2-3,2025-06~2026-05,tourapi_datalab_visitor,48148,1,6
2-8,2025-06~2026-05,tourapi_datalab_visitor,53717,4,6
2-4,2025-06~2026-05,tourapi_datalab_visitor,60366,2,5
2-6,2025-06~2026-05,tourapi_datalab_visitor,51943,2,4
2-2,2025-06~2026-05,tourapi_datalab_visitor,33692,2,5
2-7,2025-06~2026-05,tourapi_datalab_visitor,63052,2,5
2-1,2025-06~2026-05,tourapi_datalab_visitor,18059,2,16
2-9,2025-06~2026-05,tourapi_datalab_visitor,9902,29,23
5-3,2025-06~2026-05,tourapi_datalab_visitor,35806,0,7
5-5,2025-06~2026-05,tourapi_datalab_visitor,57744,1,5
5-2,2025-06~2026-05,tourapi_datalab_visitor,21584,1,6
5-4,2025-06~2026-05,tourapi_datalab_visitor,52675,1,6
5-1,2025-06~2026-05,tourapi_datalab_visitor,51532,1,5
3-2,2025-06~2026-05,tourapi_datalab_visitor,44697,1,6
3-5,2025-06~2026-05,tourapi_datalab_visitor,50494,0,5
3-3,2025-06~2026-05,tourapi_datalab_visitor,67263,1,5
3-4,2025-06~2026-05,tourapi_datalab_visitor,65906,1,6
3-1,2025-06~2026-05,tourapi_datalab_visitor,28907,1,5
7-1,2025-06~2026-05,tourapi_datalab_visitor,24306,1,5
7-2,2025-06~2026-05,tourapi_datalab_visitor,50814,2,5
7-3,2025-06~2026-05,tourapi_datalab_visitor,15177,8,7
7-4,2025-06~2026-05,tourapi_datalab_visitor,27205,6,7
7-5,2025-06~2026-05,tourapi_datalab_visitor,40366,2,7
8-1,2025-06~2026-05,tourapi_datalab_visitor,34829,1,6
31-13,2025-06~2026-05,tourapi_datalab_visitor,203307,1,5
31-12,2025-06~2026-05,tourapi_datalab_visitor,155505,1,6
31-25,2025-06~2026-05,tourapi_datalab_visitor,45509,1,6
31-17,2025-06~2026-05,tourapi_datalab_visitor,73763,1,6
31-11,2025-06~2026-05,tourapi_datalab_visitor,109544,1,5
31-4,2025-06~2026-05,tourapi_datalab_visitor,46483,1,4
31-28,2025-06~2026-05,tourapi_datalab_visitor,60269,6,6
31-10,2025-06~2026-05,tourapi_datalab_visitor,10749,4,8
31-15,2025-06~2026-05,tourapi_datalab_visitor,84791,3,6
31-2,2025-06~2026-05,tourapi_datalab_visitor,150725,2,5
31-3,2025-06~2026-05,tourapi_datalab_visitor,22844,1,11
31-6,2025-06~2026-05,tourapi_datalab_visitor,49768,0,5
31-9,2025-06~2026-05,tourapi_datalab_visitor,73433,1,8
31-22,2025-06~2026-05,tourapi_datalab_visitor,32803,1,6
31-14,2025-06~2026-05,tourapi_datalab_visitor,58451,2,7
31-7,2025-06~2026-05,tourapi_datalab_visitor,26999,1,4
31-24,2025-06~2026-05,tourapi_datalab_visitor,32032,1,6
31-30,2025-06~2026-05,tourapi_datalab_visitor,60560,1,5
31-23,2025-06~2026-05,tourapi_datalab_visitor,148993,1,7
31-27,2025-06~2026-05,tourapi_datalab_visitor,55569,2,7
31-26,2025-06~2026-05,tourapi_datalab_visitor,37968,1,7
31-16,2025-06~2026-05,tourapi_datalab_visitor,38082,2,10
31-8,2025-06~2026-05,tourapi_datalab_visitor,55227,3,6
31-31,2025-06~2026-05,tourapi_datalab_visitor,114905,2,11
31-5,2025-06~2026-05,tourapi_datalab_visitor,48108,1,8
31-18,2025-06~2026-05,tourapi_datalab_visitor,35313,1,8
31-29,2025-06~2026-05,tourapi_datalab_visitor,29586,2,14
31-20,2025-06~2026-05,tourapi_datalab_visitor,25568,2,15
31-21,2025-06~2026-05,tourapi_datalab_visitor,9402,1,17
31-1,2025-06~2026-05,tourapi_datalab_visitor,27164,4,24
31-19,2025-06~2026-05,tourapi_datalab_visitor,29931,1,16
33-10,2025-06~2026-05,tourapi_datalab_visitor,123188,1,5
33-11,2025-06~2026-05,tourapi_datalab_visitor,31740,1,13
33-7,2025-06~2026-05,tourapi_datalab_visitor,16355,1,16
33-3,2025-06~2026-05,tourapi_datalab_visitor,9102,1,21
33-5,2025-06~2026-05,tourapi_datalab_visitor,12645,1,13
33-4,2025-06~2026-05,tourapi_datalab_visitor,7068,1,16
33-12,2025-06~2026-05,tourapi_datalab_visitor,6294,1,8
33-8,2025-06~2026-05,tourapi_datalab_visitor,14550,2,8
33-1,2025-06~2026-05,tourapi_datalab_visitor,11917,2,20
33-6,2025-06~2026-05,tourapi_datalab_visitor,20209,3,9
33-2,2025-06~2026-05,tourapi_datalab_visitor,9652,1,26
34-12,2025-06~2026-05,tourapi_datalab_visitor,88603,1,7
34-1,2025-06~2026-05,tourapi_datalab_visitor,26699,1,11
34-5,2025-06~2026-05,tourapi_datalab_visitor,18003,1,18
34-9,2025-06~2026-05,tourapi_datalab_visitor,43684,2,8
34-7,2025-06~2026-05,tourapi_datalab_visitor,18950,2,12
34-3,2025-06~2026-05,tourapi_datalab_visitor,17722,1,10
34-16,2025-06~2026-05,tourapi_datalab_visitor,5523,0,7
34-4,2025-06~2026-05,tourapi_datalab_visitor,23140,3,12
34-2,2025-06~2026-05,tourapi_datalab_visitor,10522,1,14
34-6,2025-06~2026-05,tourapi_datalab_visitor,11856,1,18
34-8,2025-06~2026-05,tourapi_datalab_visitor,11289,1,18
34-13,2025-06~2026-05,tourapi_datalab_visitor,5085,2,11
34-15,2025-06~2026-05,tourapi_datalab_visitor,13657,1,10
34-11,2025-06~2026-05,tourapi_datalab_visitor,16987,1,10
34-14,2025-06~2026-05,tourapi_datalab_visitor,19192,4,28
38-8,2025-06~2026-05,tourapi_datalab_visitor,28832,2,8
38-13,2025-06~2026-05,tourapi_datalab_visitor,29116,8,13
38-11,2025-06~2026-05,tourapi_datalab_visitor,28683,1,9
38-6,2025-06~2026-05,tourapi_datalab_visitor,17406,1,11
38-4,2025-06~2026-05,tourapi_datalab_visitor,15983,6,11
38-7,2025-06~2026-05,tourapi_datalab_visitor,16536,1,13
38-3,2025-06~2026-05,tourapi_datalab_visitor,5547,1,27
38-5,2025-06~2026-05,tourapi_datalab_visitor,6656,0,32
38-2,2025-06~2026-05,tourapi_datalab_visitor,7360,3,20
38-10,2025-06~2026-05,tourapi_datalab_visitor,7452,1,15
38-24,2025-06~2026-05,tourapi_datalab_visitor,13333,1,11
38-20,2025-06~2026-05,tourapi_datalab_visitor,5607,1,14
38-1,2025-06~2026-05,tourapi_datalab_visitor,6145,1,16
38-23,2025-06~2026-05,tourapi_datalab_visitor,10276,4,14
38-17,2025-06~2026-05,tourapi_datalab_visitor,11188,2,10
38-9,2025-06~2026-05,tourapi_datalab_visitor,17545,1,7
38-22,2025-06~2026-05,tourapi_datalab_visitor,6256,1,17
38-16,2025-06~2026-05,tourapi_datalab_visitor,7549,3,16
38-19,2025-06~2026-05,tourapi_datalab_visitor,10927,1,17
38-18,2025-06~2026-05,tourapi_datalab_visitor,8055,13,17
38-21,2025-06~2026-05,tourapi_datalab_visitor,6349,13,15
38-12,2025-06~2026-05,tourapi_datalab_visitor,9898,23,16
35-23,2025-06~2026-05,tourapi_datalab_visitor,58199,1,6
35-2,2025-06~2026-05,tourapi_datalab_visitor,53059,3,11
35-6,2025-06~2026-05,tourapi_datalab_visitor,16104,1,10
35-11,2025-06~2026-05,tourapi_datalab_visitor,18654,2,12
35-4,2025-06~2026-05,tourapi_datalab_visitor,28441,2,6
35-14,2025-06~2026-05,tourapi_datalab_visitor,9740,1,15
35-15,2025-06~2026-05,tourapi_datalab_visitor,14285,2,13
35-9,2025-06~2026-05,tourapi_datalab_visitor,14798,2,14
35-7,2025-06~2026-05,tourapi_datalab_visitor,12849,1,20
35-1,2025-06~2026-05,tourapi_datalab_visitor,32636,2,13
35-19,2025-06~2026-05,tourapi_datalab_visitor,7083,1,15
35-21,2025-06~2026-05,tourapi_datalab_visitor,5165,2,22
35-13,2025-06~2026-05,tourapi_datalab_visitor,1913,3,20
35-12,2025-06~2026-05,tourapi_datalab_visitor,11153,2,19
35-20,2025-06~2026-05,tourapi_datalab_visitor,10764,1,14
35-3,2025-06~2026-05,tourapi_datalab_visitor,6652,2,13
35-10,2025-06~2026-05,tourapi_datalab_visitor,8318,4,12
35-22,2025-06~2026-05,tourapi_datalab_visitor,23489,1,9
35-16,2025-06~2026-05,tourapi_datalab_visitor,7213,1,12
35-8,2025-06~2026-05,tourapi_datalab_visitor,4830,2,22
35-18,2025-06~2026-05,tourapi_datalab_visitor,8950,2,17
35-17,2025-06~2026-05,tourapi_datalab_visitor,1962,24,39
36-16,2025-06~2026-05,tourapi_datalab_visitor,124296,3,5
36-13,2025-06~2026-05,tourapi_datalab_visitor,24156,1,11
36-17,2025-06~2026-05,tourapi_datalab_visitor,18172,9,12
36-8,2025-06~2026-05,tourapi_datalab_visitor,15604,1,10
36-4,2025-06~2026-05,tourapi_datalab_visitor,49526,2,6
36-7,2025-06~2026-05,tourapi_datalab_visitor,16641,2,13
36-1,2025-06~2026-05,tourapi_datalab_visitor,25639,8,12
36-10,2025-06~2026-05,tourapi_datalab_visitor,39487,1,8
36-12,2025-06~2026-05,tourapi_datalab_visitor,4761,1,20
36-19,2025-06~2026-05,tourapi_datalab_visitor,12012,1,12
36-15,2025-06~2026-05,tourapi_datalab_visitor,10667,2,13
36-3,2025-06~2026-05,tourapi_datalab_visitor,11132,1,15
36-5,2025-06~2026-05,tourapi_datalab_visitor,9733,5,20
36-18,2025-06~2026-05,tourapi_datalab_visitor,8146,1,25
36-9,2025-06~2026-05,tourapi_datalab_visitor,7688,1,20
36-20,2025-06~2026-05,tourapi_datalab_visitor,8784,1,22
36-2,2025-06~2026-05,tourapi_datalab_visitor,7133,1,22
36-21,2025-06~2026-05,tourapi_datalab_visitor,7134,1,25
39-4,2025-06~2026-05,tourapi_datalab_visitor,73727,17,8
39-3,2025-06~2026-05,tourapi_datalab_visitor,53268,15,8
32-13,2025-06~2026-05,tourapi_datalab_visitor,31477,3,11
32-9,2025-06~2026-05,tourapi_datalab_visitor,35965,1,10
32-1,2025-06~2026-05,tourapi_datalab_visitor,35337,1,16
32-3,2025-06~2026-05,tourapi_datalab_visitor,12883,1,15
32-14,2025-06~2026-05,tourapi_datalab_visitor,5530,1,22
32-5,2025-06~2026-05,tourapi_datalab_visitor,26796,1,20
32-4,2025-06~2026-05,tourapi_datalab_visitor,12451,2,21
32-16,2025-06~2026-05,tourapi_datalab_visitor,23015,2,19
32-18,2025-06~2026-05,tourapi_datalab_visitor,11746,2,19
32-8,2025-06~2026-05,tourapi_datalab_visitor,7880,1,26
32-15,2025-06~2026-05,tourapi_datalab_visitor,17837,2,23
32-11,2025-06~2026-05,tourapi_datalab_visitor,10309,1,20
32-12,2025-06~2026-05,tourapi_datalab_visitor,6879,1,24
32-17,2025-06~2026-05,tourapi_datalab_visitor,4348,1,21
32-6,2025-06~2026-05,tourapi_datalab_visitor,3071,2,21
32-10,2025-06~2026-05,tourapi_datalab_visitor,11209,1,26
32-2,2025-06~2026-05,tourapi_datalab_visitor,13270,1,25
32-7,2025-06~2026-05,tourapi_datalab_visitor,15971,1,25
37-12,2025-06~2026-05,tourapi_datalab_visitor,79386,1,5
37-2,2025-06~2026-05,tourapi_datalab_visitor,28473,4,11
37-9,2025-06~2026-05,tourapi_datalab_visitor,27686,1,9
37-13,2025-06~2026-05,tourapi_datalab_visitor,12051,1,19
37-4,2025-06~2026-05,tourapi_datalab_visitor,10978,1,19
37-3,2025-06~2026-05,tourapi_datalab_visitor,13311,1,12
37-8,2025-06~2026-05,tourapi_datalab_visitor,24266,1,11
37-14,2025-06~2026-05,tourapi_datalab_visitor,5175,2,21
37-5,2025-06~2026-05,tourapi_datalab_visitor,8443,1,18
37-11,2025-06~2026-05,tourapi_datalab_visitor,2802,1,21
37-10,2025-06~2026-05,tourapi_datalab_visitor,9427,0,26
37-7,2025-06~2026-05,tourapi_datalab_visitor,5098,1,25
37-1,2025-06~2026-05,tourapi_datalab_visitor,9979,2,21
37-6,2025-06~2026-05,tourapi_datalab_visitor,11405,3,18
