region_id,asof,source,dem_svcdem,dem_culdem,dem_toudiv,dem_expdiv,dem_intldiv
1-23,202509,tourapi_demand_index,103.9,85.2,110.7,106.8,165.3
1-24,202509,tourapi_demand_index,131.0,71.3,108.4,201.0,342.3
1-21,202509,tourapi_demand_index,98.7,79.0,100.3,91.8,142.4
1-16,202509,tourapi_demand_index,81.6,70.2,93.7,85.2,115.1
1-6,202509,tourapi_demand_index,84.2,76.3,96.8,84.3,87.6
1-11,202509,tourapi_demand_index,79.3,65.8,91.4,88.4,80.3
1-25,202509,tourapi_demand_index,70.5,66.0,84.4,72.2,72.1
1-17,202509,tourapi_demand_index,72.5,69.7,101.5,78.0,78.2
1-3,202509,tourapi_demand_index,72.9,71.5,80.1,73.2,72.2
1-10,202509,tourapi_demand_index,71.6,66.8,80.9,75.8,71.1
1-9,202509,tourapi_demand_index,76.0,73.8,105.9,80.6,71.1
1-22,202509,tourapi_demand_index,72.4,70.3,84.2,74.6,74.9
1-14,202509,tourapi_demand_index,74.9,69.4,95.8,82.6,96.8
1-13,202509,tourapi_demand_index,105.8,80.4,111.2,102.9,170.5
1-19,202509,tourapi_demand_index,74.0,70.2,86.3,79.9,70.8
1-4,202509,tourapi_demand_index,94.1,80.0,109.4,114.9,98.6
1-7,202509,tourapi_demand_index,75.9,68.4,93.7,81.6,72.6
1-8,202509,tourapi_demand_index,70.7,67.0,71.6,74.1,70.2
1-20,202509,tourapi_demand_index,101.8,76.9,113.4,109.4,105.8
1-12,202509,tourapi_demand_index,81.3,67.3,92.4,78.8,76.6
1-5,202509,tourapi_demand_index,77.1,67.6,96.3,78.6,76.6
1-15,202509,tourapi_demand_index,104.5,88.6,141.8,148.0,128.7
1-1,202509,tourapi_demand_index,152.5,97.2,169.5,164.5,264.8
1-18,202509,tourapi_demand_index,111.5,87.3,135.3,119.5,106.8
1-2,202509,tourapi_demand_index,77.0,70.3,101.8,79.9,73.4
6-15,202509,tourapi_demand_index,71.1,65.0,71.0,70.7,94.6
6-11,202509,tourapi_demand_index,66.1,66.3,67.9,65.3,86.9
6-5,202509,tourapi_demand_index,69.3,65.8,70.9,70.3,86.2
6-14,202509,tourapi_demand_index,68.2,70.1,67.4,64.1,86.3
6-7,202509,tourapi_demand_index,82.9,71.5,98.7,81.3,104.3
6-6,202509,tourapi_demand_index,71.3,75.3,83.2,72.4,70.8
6-4,202509,tourapi_demand_index,69.2,70.7,79.6,70.4,84.2
6-8,202509,tourapi_demand_index,76.0,67.2,78.9,89.8,74.6
6-16,202509,tourapi_demand_index,103.0,83.3,100.3,90.2,121.3
6-10,202509,tourapi_demand_index,66.9,68.0,79.0,67.7,79.4
6-2,202509,tourapi_demand_index,68.3,70.0,77.1,68.5,74.4
6-1,202509,tourapi_demand_index,71.8,73.0,76.0,78.8,108.9
6-13,202509,tourapi_demand_index,67.3,65.2,72.1,71.8,75.6
6-12,202509,tourapi_demand_index,87.4,68.1,77.0,69.7,85.1
6-9,202509,tourapi_demand_index,69.3,66.3,73.4,72.0,76.8
6-3,202509,tourapi_demand_index,82.8,85.3,76.6,79.6,89.1
4-8,202509,tourapi_demand_index,74.9,67.4,81.1,76.0,74.2
4-4,202509,tourapi_demand_index,76.1,74.5,91.5,92.5,74.1
4-6,202509,tourapi_demand_index,66.0,64.3,67.5,69.3,73.1
4-1,202509,tourapi_demand_index,66.3,66.8,70.2,67.7,69.1
4-5,202509,tourapi_demand_index,73.5,71.2,95.9,75.8,74.3
4-7,202509,tourapi_demand_index,80.2,73.1,95.1,76.4,71.2
4-2,202509,tourapi_demand_index,73.3,73.5,102.2,74.8,74.1
4-3,202509,tourapi_demand_index,69.7,69.3,74.8,69.8,74.2
4-9,202509,tourapi_demand_index,64.9,67.1,58.2,67.4,73.3
2-10,202509,tourapi_demand_index,98.7,104.6,92.3,104.9,226.5
2-5,202509,tourapi_demand_index,64.3,64.8,60.5,67.9,66.5
2-3,202509,tourapi_demand_index,73.6,73.6,89.0,79.1,74.4
2-8,202509,tourapi_demand_index,87.6,83.1,93.1,81.9,85.0
2-4,202509,tourapi_demand_index,83.1,80.2,95.0,87.3,75.1
2-6,202509,tourapi_demand_index,78.5,67.2,92.6,82.4,75.2
2-2,202509,tourapi_demand_index,70.7,74.3,77.1,72.9,68.7
2-7,202509,tourapi_demand_index,81.6,82.7,105.6,83.6,76.2
2-1,202509,tourapi_demand_index,81.4,89.3,65.9,67.8,69.6
2-9,202509,tourapi_demand_index,66.9,67.4,57.9,63.7,80.1
5-3,202509,tourapi_demand_index,68.5,66.8,73.0,69.6,72.5
5-5,202509,tourapi_demand_index,75.2,69.1,88.4,82.3,74.3
5-2,202509,tourapi_demand_index,66.4,65.8,67.5,66.5,74.2
5-4,202509,tourapi_demand_index,72.1,69.9,96.4,75.3,72.4
5-1,202509,tourapi_demand_index,74.5,69.5,92.5,75.8,73.9
3-2,202509,tourapi_demand_index,73.9,66.6,76.7,88.5,74.0
3-5,202509,tourapi_demand_index,73.9,72.6,81.7,74.0,72.3
3-3,202509,tourapi_demand_index,79.6,69.9,99.5,78.5,72.2
3-4,202509,tourapi_demand_index,85.0,73.7,96.1,86.6,76.6
3-1,202509,tourapi_demand_index,70.0,65.6,70.5,72.9,72.9
7-1,202509,tourapi_demand_index,66.8,66.8,73.0,67.2,69.5
7-2,202509,tourapi_demand_index,77.2,70.1,89.0,79.8,74.4
7-3,202509,tourapi_demand_index,67.0,66.8,68.3,64.6,76.2
7-4,202509,tourapi_demand_index,68.1,67.8,73.4,69.7,75.9
7-5,202509,tourapi_demand_index,73.3,75.4,79.3,75.5,78.3
8-1,202509,tourapi_demand_index,75.6,75.1,86.0,71.5,72.2
31-13,202509,tourapi_demand_index,77.8,79.8,85.4,80.2,73.8
31-12,202509,tourapi_demand_index,78.3,72.2,89.3,83.3,76.8
31-25,202509,tourapi_demand_index,78.4,70.3,95.0,78.2,69.8
31-17,202509,tourapi_demand_index,72.2,69.9,80.6,76.9,69.4
31-11,202509,tourapi_demand_index,70.2,67.0,80.1,73.6,67.6
31-4,202509,tourapi_demand_index,74.1,72.6,81.1,73.3,69.4
31-28,202509,tourapi_demand_index,85.5,77.3,99.9,81.7,91.8
31-10,202509,tourapi_demand_index,65.2,66.5,63.7,64.8,63.4
31-15,202509,tourapi_demand_index,75.2,74.2,82.1,76.8,73.5
31-2,202509,tourapi_demand_index,79.5,80.6,89.2,84.6,75.4
31-3,202509,tourapi_demand_index,67.3,78.1,67.3,66.1,71.2
31-6,202509,tourapi_demand_index,74.9,71.3,82.4,75.9,70.1
31-9,202509,tourapi_demand_index,93.7,95.1,114.8,87.6,75.3
31-22,202509,tourapi_demand_index,72.8,69.7,77.3,70.8,68.0
31-14,202509,tourapi_demand_index,85.2,88.1,92.3,85.4,73.1
31-7,202509,tourapi_demand_index,68.5,66.6,77.2,69.4,68.0
31-24,202509,tourapi_demand_index,70.4,72.0,70.3,73.2,70.3
31-30,202509,tourapi_demand_index,86.0,73.8,90.2,86.5,71.5
31-23,202509,tourapi_demand_index,79.9,95.6,89.5,84.1,73.2
31-27,202509,tourapi_demand_index,94.3,93.3,93.8,84.6,76.9
31-26,202509,tourapi_demand_index,76.9,91.6,78.8,80.1,75.1
31-16,202509,tourapi_demand_index,89.0,91.8,77.4,82.5,75.7
31-8,202509,tourapi_demand_index,89.1,90.3,99.9,88.4,82.6
31-31,202509,tourapi_demand_index,109.4,136.2,134.2,100.3,85.7
31-5,202509,tourapi_demand_index,85.2,87.1,89.5,79.8,74.5
31-18,202509,tourapi_demand_index,77.2,88.4,81.0,75.0,72.8
31-29,202509,tourapi_demand_index,82.5,101.9,71.7,77.5,75.8
31-20,202509,tourapi_demand_index,76.1,94.9,70.3,82.5,77.9
31-21,202509,tourapi_demand_index,66.7,71.2,59.9,64.1,72.0
31-1,202509,tourapi_demand_index,100.7,81.9,66.2,71.1,76.6
31-19,202509,tourapi_demand_index,78.7,74.0,72.4,70.8,72.3
33-10,202509,tourapi_demand_index,73.4,70.6,74.2,77.3,72.6
33-11,202509,tourapi_demand_index,74.5,88.7,81.4,74.2,70.4
33-7,202509,tourapi_demand_index,73.4,70.4,66.8,69.0,68.0
33-3,202509,tourapi_demand_index,65.4,67.6,59.5,64.1,72.9
33-5,202509,tourapi_demand_index,64.6,65.6,61.9,65.3,73.3
33-4,202509,tourapi_demand_index,65.5,66.7,60.7,64.0,74.6
33-12,202509,tourapi_demand_index,64.8,66.7,59.5,64.7,71.3
33-8,202509,tourapi_demand_index,67.5,72.7,63.2,69.1,75.5
33-1,202509,tourapi_demand_index,66.6,66.3,60.2,65.9,73.8
33-6,202509,tourapi_demand_index,68.1,74.0,66.9,72.2,76.7
33-2,202509,tourapi_demand_index,68.7,68.1,59.2,64.8,73.9
34-12,202509,tourapi_demand_index,77.0,73.9,82.3,79.9,75.0
34-1,202509,tourapi_demand_index,72.8,80.9,67.8,70.9,72.3
34-5,202509,tourapi_demand_index,72.3,78.3,68.6,66.6,74.7
34-9,202509,tourapi_demand_index,77.8,90.6,85.6,76.0,75.8
34-7,202509,tourapi_demand_index,70.7,78.6,70.6,68.6,73.2
34-3,202509,tourapi_demand_index,67.1,69.7,67.0,67.8,75.2
34-16,202509,tourapi_demand_index,65.6,66.1,59.0,63.3,66.6
34-4,202509,tourapi_demand_index,71.8,77.3,73.3,72.3,72.0
34-2,202509,tourapi_demand_index,67.0,68.6,62.3,67.0,73.7
34-6,202509,tourapi_demand_index,67.2,70.6,63.3,65.7,72.7
34-8,202509,tourapi_demand_index,66.9,70.0,62.4,65.0,75.9
34-13,202509,tourapi_demand_index,64.3,66.6,57.8,63.2,75.7
34-15,202509,tourapi_demand_index,67.9,69.1,65.2,66.8,74.8
34-11,202509,tourapi_demand_index,70.6,71.9,64.6,67.4,73.2
34-14,202509,tourapi_demand_index,84.0,86.2,65.4,67.8,72.7
38-8,202509,tourapi_demand_index,72.3,67.0,81.0,69.3,74.3
38-13,202509,tourapi_demand_index,81.9,74.8,78.4,70.2,82.0
38-11,202509,tourapi_demand_index,74.5,70.0,80.9,69.3,73.4
38-6,202509,tourapi_demand_index,67.1,67.6,67.2,67.2,72.1
38-4,202509,tourapi_demand_index,67.2,65.7,66.6,67.5,70.6
38-7,202509,tourapi_demand_index,69.8,70.1,62.0,65.6,74.5
38-3,202509,tourapi_demand_index,63.9,65.2,57.7,63.9,69.5
38-5,202509,tourapi_demand_index,65.2,67.8,58.0,63.0,71.8
38-2,202509,tourapi_demand_index,64.9,66.5,60.1,63.5,74.3
38-10,202509,tourapi_demand_index,65.8,66.8,59.2,64.1,76.8
38-24,202509,tourapi_demand_index,65.0,67.7,63.0,65.4,76.1
38-20,202509,tourapi_demand_index,64.3,65.0,59.1,63.4,74.7
38-1,202509,tourapi_demand_index,64.3,65.6,58.9,63.2,75.2
38-23,202509,tourapi_demand_index,66.0,67.6,61.3,63.9,72.1
38-17,202509,tourapi_demand_index,65.6,66.9,61.5,65.1,77.1
38-9,202509,tourapi_demand_index,66.5,66.6,66.1,66.8,77.3
38-22,202509,tourapi_demand_index,64.1,66.2,57.8,64.9,76.2
38-16,202509,tourapi_demand_index,65.3,69.7,61.0,64.7,70.5
38-19,202509,tourapi_demand_index,65.8,66.8,60.2,65.8,72.5
38-18,202509,tourapi_demand_index,64.2,65.0,60.3,63.2,71.8
38-21,202509,tourapi_demand_index,64.3,65.9,58.1,63.1,71.4
38-12,202509,tourapi_demand_index,64.1,64.7,59.0,63.2,81.1
35-23,202509,tourapi_demand_index,70.5,72.5,78.9,70.6,73.0
35-2,202509,tourapi_demand_index,98.9,106.2,86.3,78.5,81.1
35-6,202509,tourapi_demand_index,66.6,69.5,68.1,67.9,72.7
35-11,202509,tourapi_demand_index,72.0,73.7,73.4,67.5,77.4
35-4,202509,tourapi_demand_index,72.2,72.4,83.8,70.9,69.5
35-14,202509,tourapi_demand_index,66.0,67.6,65.7,64.8,74.8
35-15,202509,tourapi_demand_index,66.3,70.7,64.7,67.7,71.5
35-9,202509,tourapi_demand_index,65.9,66.9,65.4,65.3,74.5
35-7,202509,tourapi_demand_index,67.1,75.2,62.2,66.7,72.8
35-1,202509,tourapi_demand_index,69.6,69.8,79.8,72.4,71.3
35-19,202509,tourapi_demand_index,63.8,66.4,60.3,64.3,76.2
35-21,202509,tourapi_demand_index,64.2,66.9,57.9,63.3,78.6
35-13,202509,tourapi_demand_index,64.0,64.2,56.2,62.5,79.0
35-12,202509,tourapi_demand_index,67.3,68.3,60.4,64.7,70.8
35-20,202509,tourapi_demand_index,66.9,71.8,59.8,65.2,70.0
35-3,202509,tourapi_demand_index,63.8,65.8,58.3,63.6,76.2
35-10,202509,tourapi_demand_index,64.5,65.3,59.8,66.6,70.9
35-22,202509,tourapi_demand_index,67.7,70.3,66.2,72.6,72.4
35-16,202509,tourapi_demand_index,64.1,66.8,60.4,63.7,75.0
35-8,202509,tourapi_demand_index,64.2,64.7,57.3,63.1,78.3
35-18,202509,tourapi_demand_index,66.2,73.3,60.6,64.0,70.1
35-17,202509,tourapi_demand_index,64.5,64.4,55.9,63.0,70.4
36-16,202509,tourapi_demand_index,67.9,70.0,74.3,69.8,70.9
36-13,202509,tourapi_demand_index,71.8,68.9,79.3,68.2,74.6
36-17,202509,tourapi_demand_index,70.8,68.0,67.3,65.6,80.5
36-8,202509,tourapi_demand_index,68.8,68.4,65.5,67.4,74.5
36-4,202509,tourapi_demand_index,79.5,77.2,98.9,79.4,80.0
36-7,202509,tourapi_demand_index,68.1,73.0,66.1,65.5,78.9
36-1,202509,tourapi_demand_index,75.7,75.8,84.9,66.0,84.9
36-10,202509,tourapi_demand_index,73.3,81.1,86.7,72.9,74.8
36-12,202509,tourapi_demand_index,63.6,66.4,57.9,62.9,77.4
36-19,202509,tourapi_demand_index,65.5,66.4,61.7,67.2,75.2
36-15,202509,tourapi_demand_index,64.9,66.7,60.9,66.1,73.3
36-3,202509,tourapi_demand_index,66.0,67.1,61.0,64.8,75.6
36-5,202509,tourapi_demand_index,73.4,69.0,60.1,64.1,76.4
36-18,202509,tourapi_demand_index,66.7,66.3,59.0,63.9,76.5
36-9,202509,tourapi_demand_index,65.8,66.0,58.7,64.8,75.0
36-20,202509,tourapi_demand_index,65.3,67.1,60.3,63.6,74.7
36-2,202509,tourapi_demand_index,66.5,71.6,61.6,64.0,77.3
36-21,202509,tourapi_demand_index,66.2,68.0,59.2,63.5,74.6
39-4,202509,tourapi_demand_index,120.8,99.8,117.7,89.7,159.5
39-3,202509,tourapi_demand_index,116.3,94.3,81.4,78.3,120.1
32-13,202509,tourapi_demand_index,83.1,85.1,87.7,73.9,77.3
32-9,202509,tourapi_demand_index,80.0,77.0,91.3,76.1,69.5
32-1,202509,tourapi_demand_index,91.3,83.6,82.6,72.4,72.2
32-3,202509,tourapi_demand_index,66.9,67.8,65.4,65.8,71.6
32-14,202509,tourapi_demand_index,66.7,66.4,60.0,64.1,70.9
32-5,202509,tourapi_demand_index,96.7,81.7,68.7,71.6,76.9
32-4,202509,tourapi_demand_index,70.3,70.6,63.0,65.2,62.1
32-16,202509,tourapi_demand_index,75.2,74.3,64.6,69.8,75.0
32-18,202509,tourapi_demand_index,68.9,70.9,60.9,68.1,72.8
32-8,202509,tourapi_demand_index,68.0,67.4,59.0,64.3,69.1
32-15,202509,tourapi_demand_index,81.6,78.1,62.6,67.7,69.2
32-11,202509,tourapi_demand_index,71.9,70.6,60.2,64.8,68.7
32-12,202509,tourapi_demand_index,65.5,70.1,59.9,63.9,75.6
32-17,202509,tourapi_demand_index,63.7,65.1,57.5,62.9,76.0
32-6,202509,tourapi_demand_index,63.7,65.0,57.4,62.9,76.9
32-10,202509,tourapi_demand_index,69.1,68.4,59.3,64.3,73.1
32-2,202509,tourapi_demand_index,73.9,75.3,60.3,65.2,77.4
32-7,202509,tourapi_demand_index,76.0,80.6,61.6,65.6,75.1
37-12,202509,tourapi_demand_index,73.8,71.5,87.8,73.1,73.3
37-2,202509,tourapi_demand_index,74.4,71.8,83.7,71.9,75.1
37-9,202509,tourapi_demand_index,70.3,69.8,84.6,68.6,72.9
37-13,202509,tourapi_demand_index,68.0,66.2,64.9,65.0,76.2
37-4,202509,tourapi_demand_index,66.7,65.8,63.6,65.4,74.1
37-3,202509,tourapi_demand_index,66.2,67.8,62.9,66.0,74.5
37-8,202509,tourapi_demand_index,69.5,67.1,65.8,68.3,67.0
37-14,202509,tourapi_demand_index,65.2,66.3,57.4,63.5,74.4
37-5,202509,tourapi_demand_index,69.4,66.3,58.4,63.5,72.6
37-11,202509,tourapi_demand_index,63.9,65.3,56.9,63.2,73.4
37-10,202509,tourapi_demand_index,64.8,65.6,58.4,64.8,72.5
37-7,202509,tourapi_demand_index,64.4,65.3,57.2,62.9,74.9
37-1,202509,tourapi_demand_index,66.9,76.9,61.3,64.8,76.6
37-6,202509,tourapi_demand_index,67.8,68.8,61.6,65.3,73.7
