region_id,source,niche_bf,niche_wellness,niche_camping
1-1,tourapi_niche,49,2,0
1-2,tourapi_niche,12,0,0
1-3,tourapi_niche,7,0,0
1-4,tourapi_niche,19,0,0
1-5,tourapi_niche,8,0,1
1-6,tourapi_niche,20,2,0
1-7,tourapi_niche,22,0,2
1-8,tourapi_niche,7,0,0
1-9,tourapi_niche,14,0,0
1-10,tourapi_niche,5,0,0
1-11,tourapi_niche,14,0,0
1-12,tourapi_niche,10,0,0
1-13,tourapi_niche,37,0,1
1-14,tourapi_niche,20,0,0
1-15,tourapi_niche,37,4,2
1-16,tourapi_niche,22,0,1
1-17,tourapi_niche,26,0,0
1-18,tourapi_niche,29,1,0
1-19,tourapi_niche,17,0,0
1-20,tourapi_niche,39,0,0
1-21,tourapi_niche,41,1,0
1-22,tourapi_niche,18,0,4
1-23,tourapi_niche,106,1,1
1-24,tourapi_niche,93,0,1
1-25,tourapi_niche,7,0,1
2-1,tourapi_niche,22,2,38
2-2,tourapi_niche,16,1,1
2-3,tourapi_niche,16,0,0
2-4,tourapi_niche,11,0,3
2-5,tourapi_niche,7,0,0
2-6,tourapi_niche,20,0,0
2-7,tourapi_niche,18,0,0
2-8,tourapi_niche,37,2,0
2-9,tourapi_niche,5,0,22
2-10,tourapi_niche,36,0,0
3-1,tourapi_niche,16,0,2
3-2,tourapi_niche,15,0,4
3-3,tourapi_niche,15,1,4
3-4,tourapi_niche,35,2,5
3-5,tourapi_niche,12,0,1
4-1,tourapi_niche,18,0,0
4-2,tourapi_niche,22,3,1
4-3,tourapi_niche,16,0,9
4-4,tourapi_niche,29,1,4
4-5,tourapi_niche,17,0,0
4-6,tourapi_niche,12,0,0
4-7,tourapi_niche,22,1,1
4-8,tourapi_niche,31,1,0
4-9,tourapi_niche,3,0,20
5-1,tourapi_niche,12,1,2
5-2,tourapi_niche,11,0,1
5-3,tourapi_niche,15,0,1
5-4,tourapi_niche,14,1,2
5-5,tourapi_niche,12,1,1
6-1,tourapi_niche,6,0,2
6-2,tourapi_niche,14,0,0
6-3,tourapi_niche,22,4,1
6-4,tourapi_niche,7,1,0
6-5,tourapi_niche,11,0,0
6-6,tourapi_niche,7,2,0
6-7,tourapi_niche,13,2,0
6-8,tourapi_niche,6,0,1
6-9,tourapi_niche,9,0,1
6-10,tourapi_niche,8,0,0
6-11,tourapi_niche,4,0,0
6-12,tourapi_niche,6,2,0
6-13,tourapi_niche,5,0,0
6-14,tourapi_niche,16,1,1
6-15,tourapi_niche,24,0,0
6-16,tourapi_niche,49,3,0
7-1,tourapi_niche,6,0,4
7-2,tourapi_niche,18,0,0
7-3,tourapi_niche,14,0,0
7-4,tourapi_niche,9,0,2
7-5,tourapi_niche,22,5,23
8-1,tourapi_niche,25,0,5
31-1,tourapi_niche,21,0,195
31-2,tourapi_niche,69,1,5
31-3,tourapi_niche,11,0,1
31-4,tourapi_niche,12,0,1
31-5,tourapi_niche,24,1,5
31-6,tourapi_niche,4,1,2
31-7,tourapi_niche,4,0,1
31-8,tourapi_niche,28,0,11
31-9,tourapi_niche,35,1,17
31-10,tourapi_niche,7,0,9
31-11,tourapi_niche,44,0,0
31-12,tourapi_niche,55,0,1
31-13,tourapi_niche,100,1,1
31-14,tourapi_niche,31,0,4
31-15,tourapi_niche,44,0,18
31-16,tourapi_niche,18,0,26
31-17,tourapi_niche,13,0,2
31-18,tourapi_niche,18,2,29
31-19,tourapi_niche,53,2,61
31-20,tourapi_niche,27,1,20
31-21,tourapi_niche,18,1,43
31-22,tourapi_niche,12,0,2
31-23,tourapi_niche,63,2,29
31-24,tourapi_niche,9,0,5
31-25,tourapi_niche,9,0,4
31-26,tourapi_niche,14,2,10
31-27,tourapi_niche,53,2,44
31-28,tourapi_niche,29,0,11
31-29,tourapi_niche,11,2,141
31-30,tourapi_niche,21,0,3
31-31,tourapi_niche,42,5,21
32-1,tourapi_niche,638,2,30
32-2,tourapi_niche,18,0,23
32-3,tourapi_niche,24,2,7
32-4,tourapi_niche,27,2,13
32-5,tourapi_niche,38,1,4
32-6,tourapi_niche,9,0,9
32-7,tourapi_niche,30,1,57
32-8,tourapi_niche,29,1,102
32-9,tourapi_niche,47,0,28
32-10,tourapi_niche,12,1,38
32-11,tourapi_niche,21,0,17
32-12,tourapi_niche,7,0,15
32-13,tourapi_niche,76,3,52
32-14,tourapi_niche,9,0,4
32-15,tourapi_niche,79,1,33
32-16,tourapi_niche,13,0,58
32-17,tourapi_niche,9,0,15
32-18,tourapi_niche,11,0,45
33-1,tourapi_niche,10,0,29
33-2,tourapi_niche,10,0,22
33-3,tourapi_niche,13,0,14
33-4,tourapi_niche,13,1,8
33-5,tourapi_niche,9,0,8
33-6,tourapi_niche,21,0,8
33-7,tourapi_niche,25,3,69
33-8,tourapi_niche,6,0,12
33-9,tourapi_niche,0,0,0
33-10,tourapi_niche,52,2,14
33-11,tourapi_niche,27,7,33
33-12,tourapi_niche,8,0,1
34-1,tourapi_niche,27,2,26
34-2,tourapi_niche,13,0,17
34-3,tourapi_niche,15,0,14
34-4,tourapi_niche,22,0,13
34-5,tourapi_niche,20,1,20
34-6,tourapi_niche,15,0,8
34-7,tourapi_niche,15,0,12
34-8,tourapi_niche,13,1,15
34-9,tourapi_niche,26,6,21
34-11,tourapi_niche,19,3,6
34-12,tourapi_niche,42,1,23
34-13,tourapi_niche,9,0,5
34-14,tourapi_niche,36,2,60
34-15,tourapi_niche,9,0,11
34-16,tourapi_niche,1,0,1
35-1,tourapi_niche,10,0,6
35-2,tourapi_niche,67,3,59
35-3,tourapi_niche,9,0,16
35-4,tourapi_niche,17,0,7
35-6,tourapi_niche,10,1,16
35-7,tourapi_niche,13,1,20
35-8,tourapi_niche,5,0,11
35-9,tourapi_niche,10,0,13
35-10,tourapi_niche,9,0,13
35-11,tourapi_niche,39,2,6
35-12,tourapi_niche,15,0,12
35-13,tourapi_niche,3,0,1
35-14,tourapi_niche,11,2,10
35-15,tourapi_niche,15,0,13
35-16,tourapi_niche,9,1,2
35-17,tourapi_niche,6,0,3
35-18,tourapi_niche,14,1,11
35-19,tourapi_niche,6,0,5
35-20,tourapi_niche,19,1,41
35-21,tourapi_niche,3,2,2
35-22,tourapi_niche,5,1,24
35-23,tourapi_niche,43,2,36
36-1,tourapi_niche,26,1,20
36-2,tourapi_niche,8,2,14
36-3,tourapi_niche,9,1,18
36-4,tourapi_niche,21,2,7
36-5,tourapi_niche,24,0,28
36-6,tourapi_niche,0,0,0
36-7,tourapi_niche,9,0,40
36-8,tourapi_niche,14,0,25
36-9,tourapi_niche,10,1,36
36-10,tourapi_niche,12,1,11
36-12,tourapi_niche,5,0,11
36-13,tourapi_niche,30,0,9
36-14,tourapi_niche,0,0,0
36-15,tourapi_niche,12,0,8
36-16,tourapi_niche,78,4,12
36-17,tourapi_niche,33,0,23
36-18,tourapi_niche,9,1,16
36-19,tourapi_niche,8,0,10
36-20,tourapi_niche,6,0,13
36-21,tourapi_niche,3,0,29
37-1,tourapi_niche,19,1,7
37-2,tourapi_niche,46,0,3
37-3,tourapi_niche,6,0,2
37-4,tourapi_niche,24,0,10
37-5,tourapi_niche,19,0,22
37-6,tourapi_niche,31,1,9
37-7,tourapi_niche,9,1,10
37-8,tourapi_niche,21,0,14
37-9,tourapi_niche,18,1,6
37-10,tourapi_niche,18,0,8
37-11,tourapi_niche,8,0,6
37-12,tourapi_niche,63,0,3
37-13,tourapi_niche,18,0,12
37-14,tourapi_niche,11,1,12
38-1,tourapi_niche,8,0,8
38-2,tourapi_niche,10,1,22
38-3,tourapi_niche,15,0,18
38-4,tourapi_niche,16,0,15
38-5,tourapi_niche,15,0,8
38-6,tourapi_niche,16,0,7
38-7,tourapi_niche,17,1,19
38-8,tourapi_niche,40,0,1
38-9,tourapi_niche,9,0,7
38-10,tourapi_niche,16,2,11
38-11,tourapi_niche,22,0,11
38-12,tourapi_niche,11,1,10
38-13,tourapi_niche,45,1,25
38-16,tourapi_niche,9,1,6
38-17,tourapi_niche,11,0,9
38-18,tourapi_niche,6,1,7
38-19,tourapi_niche,14,1,25
38-20,tourapi_niche,14,1,11
38-21,tourapi_niche,17,0,2
38-22,tourapi_niche,9,1,8
38-23,tourapi_niche,25,0,9
38-24,tourapi_niche,9,3,15
39-1,tourapi_niche,0,0,0
39-2,tourapi_niche,0,0,0
39-3,tourapi_niche,107,4,19
39-4,tourapi_niche,118,2,27
