region_id,asof,source,ctx_pop_decline
1-1,2024,mois,0
1-2,2024,mois,0
1-3,2024,mois,0
1-4,2024,mois,0
1-5,2024,mois,0
1-6,2024,mois,0
1-7,2024,mois,0
1-8,2024,mois,0
1-9,2024,mois,0
1-10,2024,mois,0
1-11,2024,mois,0
1-12,2024,mois,0
1-13,2024,mois,0
1-14,2024,mois,0
1-15,2024,mois,0
1-16,2024,mois,0
1-17,2024,mois,0
1-18,2024,mois,0
1-19,2024,mois,0
1-20,2024,mois,0
1-21,2024,mois,0
1-22,2024,mois,0
1-23,2024,mois,0
1-24,2024,mois,0
1-25,2024,mois,0
2-1,2024,mois,1
2-2,2024,mois,0
2-3,2024,mois,0
2-4,2024,mois,0
2-5,2024,mois,0
2-6,2024,mois,0
2-7,2024,mois,0
2-8,2024,mois,0
2-9,2024,mois,1
2-10,2024,mois,0
3-1,2024,mois,0
3-2,2024,mois,0
3-3,2024,mois,0
3-4,2024,mois,0
3-5,2024,mois,0
4-1,2024,mois,1
4-2,2024,mois,0
4-3,2024,mois,0
4-4,2024,mois,0
4-5,2024,mois,0
4-6,2024,mois,1
4-7,2024,mois,0
4-8,2024,mois,0
4-9,2024,mois,1
5-1,2024,mois,0
5-2,2024,mois,0
5-3,2024,mois,0
5-4,2024,mois,0
5-5,2024,mois,0
6-1,2024,mois,0
6-2,2024,mois,0
6-3,2024,mois,0
6-4,2024,mois,0
6-5,2024,mois,1
6-6,2024,mois,0
6-7,2024,mois,0
6-8,2024,mois,0
6-9,2024,mois,0
6-10,2024,mois,0
6-11,2024,mois,1
6-12,2024,mois,0
6-13,2024,mois,0
6-14,2024,mois,1
6-15,2024,mois,0
6-16,2024,mois,0
7-1,2024,mois,0
7-2,2024,mois,0
7-3,2024,mois,0
7-4,2024,mois,0
7-5,2024,mois,0
8-1,2024,mois,0
31-1,2024,mois,1
31-2,2024,mois,0
31-3,2024,mois,0
31-4,2024,mois,0
31-5,2024,mois,0
31-6,2024,mois,0
31-7,2024,mois,0
31-8,2024,mois,0
31-9,2024,mois,0
31-10,2024,mois,0
31-11,2024,mois,0
31-12,2024,mois,0
31-13,2024,mois,0
31-14,2024,mois,0
31-15,2024,mois,0
31-16,2024,mois,0
31-17,2024,mois,0
31-18,2024,mois,0
31-19,2024,mois,0
31-20,2024,mois,0
31-21,2024,mois,1
31-22,2024,mois,0
31-23,2024,mois,0
31-24,2024,mois,0
31-25,2024,mois,0
31-26,2024,mois,0
31-27,2024,mois,0
31-28,2024,mois,0
31-29,2024,mois,0
31-30,2024,mois,0
31-31,2024,mois,0
32-1,2024,mois,0
32-2,2024,mois,1
32-3,2024,mois,0
32-4,2024,mois,1
32-5,2024,mois,0
32-6,2024,mois,1
32-7,2024,mois,1
32-8,2024,mois,1
32-9,2024,mois,0
32-10,2024,mois,0
32-11,2024,mois,1
32-12,2024,mois,1
32-13,2024,mois,0
32-14,2024,mois,1
32-15,2024,mois,1
32-16,2024,mois,1
32-17,2024,mois,1
32-18,2024,mois,1
33-1,2024,mois,1
33-2,2024,mois,1
33-3,2024,mois,1
33-4,2024,mois,1
33-5,2024,mois,1
33-6,2024,mois,0
33-7,2024,mois,1
33-8,2024,mois,0
33-9,2024,mois,0
33-10,2024,mois,0
33-11,2024,mois,0
33-12,2024,mois,0
34-1,2024,mois,1
34-2,2024,mois,1
34-3,2024,mois,1
34-4,2024,mois,0
34-5,2024,mois,1
34-6,2024,mois,1
34-7,2024,mois,0
34-8,2024,mois,1
34-9,2024,mois,0
34-11,2024,mois,1
34-12,2024,mois,0
34-13,2024,mois,1
34-14,2024,mois,1
34-15,2024,mois,0
34-16,2024,mois,0
35-1,2024,mois,0
35-2,2024,mois,0
35-3,2024,mois,1
35-4,2024,mois,0
35-6,2024,mois,0
35-7,2024,mois,1
35-8,2024,mois,1
35-9,2024,mois,1
35-10,2024,mois,1
35-11,2024,mois,1
35-12,2024,mois,1
35-13,2024,mois,1
35-14,2024,mois,1
35-15,2024,mois,1
35-16,2024,mois,0
35-17,2024,mois,1
35-18,2024,mois,1
35-19,2024,mois,1
35-20,2024,mois,1
35-21,2024,mois,1
35-22,2024,mois,0
35-23,2024,mois,0
36-1,2024,mois,0
36-2,2024,mois,1
36-3,2024,mois,1
36-4,2024,mois,0
36-5,2024,mois,1
36-6,2024,mois,0
36-7,2024,mois,1
36-8,2024,mois,0
36-9,2024,mois,1
36-10,2024,mois,0
36-12,2024,mois,1
36-13,2024,mois,0
36-14,2024,mois,0
36-15,2024,mois,1
36-16,2024,mois,0
36-17,2024,mois,0
36-18,2024,mois,1
36-19,2024,mois,1
36-20,2024,mois,1
36-21,2024,mois,1
37-1,2024,mois,1
37-2,2024,mois,0
37-3,2024,mois,1
37-4,2024,mois,1
37-5,2024,mois,1
37-6,2024,mois,1
37-7,2024,mois,1
37-8,2024,mois,0
37-9,2024,mois,0
37-10,2024,mois,1
37-11,2024,mois,1
37-12,2024,mois,0
37-13,2024,mois,1
37-14,2024,mois,1
38-1,2024,mois,1
38-2,2024,mois,1
38-3,2024,mois,1
38-4,2024,mois,0
38-5,2024,mois,1
38-6,2024,mois,0
38-7,2024,mois,1
38-8,2024,mois,0
38-9,2024,mois,0
38-10,2024,mois,1
38-11,2024,mois,0
38-12,2024,mois,1
38-13,2024,mois,0
38-16,2024,mois,1
38-17,2024,mois,1
38-18,2024,mois,1
38-19,2024,mois,1
38-20,2024,mois,1
38-21,2024,mois,1
38-22,2024,mois,1
38-23,2024,mois,1
38-24,2024,mois,1
39-1,2024,mois,0
39-2,2024,mois,0
39-3,2024,mois,0
39-4,2024,mois,0
