region_id,asof,source,ctx_6chsanup
1-1,2020,mafra,0
1-2,2020,mafra,0
1-3,2020,mafra,0
1-4,2020,mafra,0
1-5,2020,mafra,0
1-6,2020,mafra,0
1-7,2020,mafra,0
1-8,2020,mafra,0
1-9,2020,mafra,0
1-10,2020,mafra,0
1-11,2020,mafra,0
1-12,2020,mafra,0
1-13,2020,mafra,0
1-14,2020,mafra,0
1-15,2020,mafra,0
1-16,2020,mafra,0
1-17,2020,mafra,0
1-18,2020,mafra,0
1-19,2020,mafra,0
1-20,2020,mafra,0
1-21,2020,mafra,0
1-22,2020,mafra,0
1-23,2020,mafra,0
1-24,2020,mafra,0
1-25,2020,mafra,0
2-1,2020,mafra,33
2-2,2020,mafra,0
2-3,2020,mafra,0
2-4,2020,mafra,0
2-5,2020,mafra,0
2-6,2020,mafra,0
2-7,2020,mafra,1
2-8,2020,mafra,0
2-9,2020,mafra,1
2-10,2020,mafra,0
3-1,2020,mafra,0
3-2,2020,mafra,0
3-3,2020,mafra,0
3-4,2020,mafra,0
3-5,2020,mafra,0
4-1,2020,mafra,0
4-2,2020,mafra,0
4-3,2020,mafra,2
4-4,2020,mafra,0
4-5,2020,mafra,0
4-6,2020,mafra,0
4-7,2020,mafra,0
4-8,2020,mafra,0
4-9,2020,mafra,6
5-1,2020,mafra,1
5-2,2020,mafra,0
5-3,2020,mafra,0
5-4,2020,mafra,0
5-5,2020,mafra,0
6-1,2020,mafra,0
6-2,2020,mafra,0
6-3,2020,mafra,0
6-4,2020,mafra,0
6-5,2020,mafra,0
6-6,2020,mafra,0
6-7,2020,mafra,0
6-8,2020,mafra,0
6-9,2020,mafra,0
6-10,2020,mafra,0
6-11,2020,mafra,0
6-12,2020,mafra,0
6-13,2020,mafra,0
6-14,2020,mafra,0
6-15,2020,mafra,0
6-16,2020,mafra,0
7-1,2020,mafra,0
7-2,2020,mafra,0
7-3,2020,mafra,0
7-4,2020,mafra,0
7-5,2020,mafra,8
8-1,2020,mafra,25
31-1,2020,mafra,6
31-2,2020,mafra,9
31-3,2020,mafra,0
31-4,2020,mafra,0
31-5,2020,mafra,2
31-6,2020,mafra,0
31-7,2020,mafra,0
31-8,2020,mafra,10
31-9,2020,mafra,14
31-10,2020,mafra,0
31-11,2020,mafra,0
31-12,2020,mafra,0
31-13,2020,mafra,2
31-14,2020,mafra,0
31-15,2020,mafra,2
31-16,2020,mafra,11
31-17,2020,mafra,0
31-18,2020,mafra,4
31-19,2020,mafra,17
31-20,2020,mafra,16
31-21,2020,mafra,8
31-22,2020,mafra,2
31-23,2020,mafra,15
31-24,2020,mafra,0
31-25,2020,mafra,0
31-26,2020,mafra,20
31-27,2020,mafra,25
31-28,2020,mafra,11
31-29,2020,mafra,12
31-30,2020,mafra,0
31-31,2020,mafra,14
32-1,2020,mafra,2
32-2,2020,mafra,5
32-3,2020,mafra,0
32-4,2020,mafra,4
32-5,2020,mafra,2
32-6,2020,mafra,8
32-7,2020,mafra,7
32-8,2020,mafra,14
32-9,2020,mafra,18
32-10,2020,mafra,10
32-11,2020,mafra,13
32-12,2020,mafra,4
32-13,2020,mafra,11
32-14,2020,mafra,2
32-15,2020,mafra,22
32-16,2020,mafra,22
32-17,2020,mafra,7
32-18,2020,mafra,20
33-1,2020,mafra,10
33-2,2020,mafra,8
33-3,2020,mafra,12
33-4,2020,mafra,18
33-5,2020,mafra,6
33-6,2020,mafra,11
33-7,2020,mafra,9
33-8,2020,mafra,9
33-9,2020,mafra,0
33-10,2020,mafra,30
33-11,2020,mafra,14
33-12,2020,mafra,2
34-1,2020,mafra,17
34-2,2020,mafra,20
34-3,2020,mafra,18
34-4,2020,mafra,10
34-5,2020,mafra,3
34-6,2020,mafra,20
34-7,2020,mafra,16
34-8,2020,mafra,15
34-9,2020,mafra,15
34-11,2020,mafra,15
34-12,2020,mafra,12
34-13,2020,mafra,17
34-14,2020,mafra,11
34-15,2020,mafra,10
34-16,2020,mafra,2
35-1,2020,mafra,13
35-2,2020,mafra,7
35-3,2020,mafra,8
35-4,2020,mafra,7
35-6,2020,mafra,6
35-7,2020,mafra,19
35-8,2020,mafra,4
35-9,2020,mafra,15
35-10,2020,mafra,8
35-11,2020,mafra,25
35-12,2020,mafra,4
35-13,2020,mafra,4
35-14,2020,mafra,13
35-15,2020,mafra,15
35-16,2020,mafra,7
35-17,2020,mafra,1
35-18,2020,mafra,6
35-19,2020,mafra,16
35-20,2020,mafra,11
35-21,2020,mafra,8
35-22,2020,mafra,5
35-23,2020,mafra,8
36-1,2020,mafra,5
36-2,2020,mafra,13
36-3,2020,mafra,8
36-4,2020,mafra,6
36-5,2020,mafra,5
36-6,2020,mafra,0
36-7,2020,mafra,17
36-8,2020,mafra,11
36-9,2020,mafra,17
36-10,2020,mafra,3
36-12,2020,mafra,11
36-13,2020,mafra,10
36-14,2020,mafra,0
36-15,2020,mafra,8
36-16,2020,mafra,7
36-17,2020,mafra,2
36-18,2020,mafra,25
36-19,2020,mafra,5
36-20,2020,mafra,18
36-21,2020,mafra,7
37-1,2020,mafra,33
37-2,2020,mafra,13
37-3,2020,mafra,19
37-4,2020,mafra,26
37-5,2020,mafra,17
37-6,2020,mafra,19
37-7,2020,mafra,14
37-8,2020,mafra,42
37-9,2020,mafra,23
37-10,2020,mafra,13
37-11,2020,mafra,12
37-12,2020,mafra,11
37-13,2020,mafra,49
37-14,2020,mafra,26
38-1,2020,mafra,24
38-2,2020,mafra,24
38-3,2020,mafra,8
38-4,2020,mafra,8
38-5,2020,mafra,13
38-6,2020,mafra,14
38-7,2020,mafra,29
38-8,2020,mafra,1
38-9,2020,mafra,16
38-10,2020,mafra,16
38-11,2020,mafra,29
38-12,2020,mafra,4
38-13,2020,mafra,15
38-16,2020,mafra,14
38-17,2020,mafra,12
38-18,2020,mafra,2
38-19,2020,mafra,13
38-20,2020,mafra,11
38-21,2020,mafra,8
38-22,2020,mafra,7
38-23,2020,mafra,24
38-24,2020,mafra,17
39-1,2020,mafra,0
39-2,2020,mafra,0
39-3,2020,mafra,43
39-4,2020,mafra,72
