region_id,asof,source,dem_stay_idx,dem_spend_idx
1-23,202509,tourapi_demand_strength,52.16,108.49
1-24,202509,tourapi_demand_strength,51.09,199.21
1-21,202509,tourapi_demand_strength,53.21,95.99
1-16,202509,tourapi_demand_strength,55.82,84.91
1-6,202509,tourapi_demand_strength,56.88,82.67
1-11,202509,tourapi_demand_strength,59.75,81.84
1-25,202509,tourapi_demand_strength,62.4,71.2
1-17,202509,tourapi_demand_strength,59.96,75.61
1-3,202509,tourapi_demand_strength,62.01,71.77
1-10,202509,tourapi_demand_strength,58.93,72.09
1-9,202509,tourapi_demand_strength,57.81,78.12
1-22,202509,tourapi_demand_strength,64.71,73.15
1-14,202509,tourapi_demand_strength,56.83,78.99
1-13,202509,tourapi_demand_strength,55.6,102.42
1-19,202509,tourapi_demand_strength,58.43,77.59
1-4,202509,tourapi_demand_strength,57.13,119.04
1-7,202509,tourapi_demand_strength,56.56,82.05
1-8,202509,tourapi_demand_strength,59.93,74.91
1-20,202509,tourapi_demand_strength,55.15,115.53
1-12,202509,tourapi_demand_strength,56.39,77.24
1-5,202509,tourapi_demand_strength,62.42,77.38
1-15,202509,tourapi_demand_strength,51.55,144.1
1-1,202509,tourapi_demand_strength,53.48,172.5
1-18,202509,tourapi_demand_strength,57.38,118.4
1-2,202509,tourapi_demand_strength,61.64,77.93
6-15,202509,tourapi_demand_strength,54.77,69.77
6-11,202509,tourapi_demand_strength,61.5,64.7
6-5,202509,tourapi_demand_strength,55.55,68.93
6-14,202509,tourapi_demand_strength,59.99,63.81
6-7,202509,tourapi_demand_strength,59.49,80.87
6-6,202509,tourapi_demand_strength,58.44,71.32
6-4,202509,tourapi_demand_strength,61.61,69.78
6-8,202509,tourapi_demand_strength,60.63,83.12
6-16,202509,tourapi_demand_strength,68.13,94.44
6-10,202509,tourapi_demand_strength,62.47,67.12
6-2,202509,tourapi_demand_strength,58.51,67.76
6-1,202509,tourapi_demand_strength,54.41,78.78
6-13,202509,tourapi_demand_strength,58.46,70.52
6-12,202509,tourapi_demand_strength,62.76,70.22
6-9,202509,tourapi_demand_strength,58.86,70.57
6-3,202509,tourapi_demand_strength,59.33,80.76
4-8,202509,tourapi_demand_strength,54.04,76.31
4-4,202509,tourapi_demand_strength,57.65,96.75
4-6,202509,tourapi_demand_strength,58.85,68.69
4-1,202509,tourapi_demand_strength,57.9,66.78
4-5,202509,tourapi_demand_strength,60.49,74.56
4-7,202509,tourapi_demand_strength,59.77,75.64
4-2,202509,tourapi_demand_strength,62.16,74.39
4-3,202509,tourapi_demand_strength,59.44,69.02
4-9,202509,tourapi_demand_strength,57.0,66.68
2-10,202509,tourapi_demand_strength,59.37,106.91
2-5,202509,tourapi_demand_strength,55.18,66.84
2-3,202509,tourapi_demand_strength,61.15,78.66
2-8,202509,tourapi_demand_strength,62.41,82.14
2-4,202509,tourapi_demand_strength,58.82,85.52
2-6,202509,tourapi_demand_strength,62.07,80.45
2-2,202509,tourapi_demand_strength,58.95,72.39
2-7,202509,tourapi_demand_strength,62.77,82.93
2-1,202509,tourapi_demand_strength,73.53,66.56
2-9,202509,tourapi_demand_strength,89.82,63.29
5-3,202509,tourapi_demand_strength,57.57,69.12
5-5,202509,tourapi_demand_strength,59.52,84.5
5-2,202509,tourapi_demand_strength,62.61,66.44
5-4,202509,tourapi_demand_strength,62.85,74.19
5-1,202509,tourapi_demand_strength,63.38,76.77
3-2,202509,tourapi_demand_strength,59.85,85.61
3-5,202509,tourapi_demand_strength,59.28,73.72
3-3,202509,tourapi_demand_strength,62.68,79.12
3-4,202509,tourapi_demand_strength,63.22,91.36
3-1,202509,tourapi_demand_strength,60.49,71.87
7-1,202509,tourapi_demand_strength,59.81,66.88
7-2,202509,tourapi_demand_strength,61.1,80.3
7-3,202509,tourapi_demand_strength,67.92,64.56
7-4,202509,tourapi_demand_strength,60.76,69.45
7-5,202509,tourapi_demand_strength,60.15,74.62
8-1,202509,tourapi_demand_strength,69.61,71.24
31-13,202509,tourapi_demand_strength,57.46,79.4
31-12,202509,tourapi_demand_strength,57.54,82.54
31-25,202509,tourapi_demand_strength,63.97,77.2
31-17,202509,tourapi_demand_strength,58.27,76.1
31-11,202509,tourapi_demand_strength,57.03,72.74
31-4,202509,tourapi_demand_strength,56.47,72.79
31-28,202509,tourapi_demand_strength,66.56,83.38
31-10,202509,tourapi_demand_strength,64.31,64.28
31-15,202509,tourapi_demand_strength,62.49,76.59
31-2,202509,tourapi_demand_strength,57.95,83.68
31-3,202509,tourapi_demand_strength,51.69,65.8
31-6,202509,tourapi_demand_strength,55.22,74.41
31-9,202509,tourapi_demand_strength,62.04,86.96
31-22,202509,tourapi_demand_strength,61.89,71.33
31-14,202509,tourapi_demand_strength,60.65,85.48
31-7,202509,tourapi_demand_strength,59.33,69.01
31-24,202509,tourapi_demand_strength,54.45,72.79
31-30,202509,tourapi_demand_strength,55.66,87.8
31-23,202509,tourapi_demand_strength,60.37,84.38
31-27,202509,tourapi_demand_strength,63.94,86.07
31-26,202509,tourapi_demand_strength,61.52,80.0
31-16,202509,tourapi_demand_strength,61.0,82.94
31-8,202509,tourapi_demand_strength,61.38,88.41
31-31,202509,tourapi_demand_strength,62.66,100.61
31-5,202509,tourapi_demand_strength,62.25,77.55
31-18,202509,tourapi_demand_strength,61.65,74.07
31-29,202509,tourapi_demand_strength,66.42,76.21
31-20,202509,tourapi_demand_strength,60.11,83.03
31-21,202509,tourapi_demand_strength,67.72,63.75
31-1,202509,tourapi_demand_strength,84.5,70.66
31-19,202509,tourapi_demand_strength,67.73,69.13
33-10,202509,tourapi_demand_strength,61.45,77.22
33-11,202509,tourapi_demand_strength,71.7,73.09
33-7,202509,tourapi_demand_strength,85.13,68.3
33-3,202509,tourapi_demand_strength,65.97,63.76
33-5,202509,tourapi_demand_strength,60.28,64.77
33-4,202509,tourapi_demand_strength,66.85,63.6
33-12,202509,tourapi_demand_strength,65.14,64.43
33-8,202509,tourapi_demand_strength,67.48,68.92
33-1,202509,tourapi_demand_strength,65.07,64.88
33-6,202509,tourapi_demand_strength,64.05,71.63
33-2,202509,tourapi_demand_strength,78.88,64.43
34-12,202509,tourapi_demand_strength,65.84,79.59
34-1,202509,tourapi_demand_strength,64.18,70.56
34-5,202509,tourapi_demand_strength,92.2,66.49
34-9,202509,tourapi_demand_strength,68.82,75.82
34-7,202509,tourapi_demand_strength,74.85,68.29
34-3,202509,tourapi_demand_strength,66.02,67.17
34-16,202509,tourapi_demand_strength,65.26,63.08
34-4,202509,tourapi_demand_strength,69.69,71.81
34-2,202509,tourapi_demand_strength,62.39,65.37
34-6,202509,tourapi_demand_strength,68.03,65.66
34-8,202509,tourapi_demand_strength,69.6,64.26
34-13,202509,tourapi_demand_strength,68.95,62.7
34-15,202509,tourapi_demand_strength,69.1,66.19
34-11,202509,tourapi_demand_strength,66.62,66.85
34-14,202509,tourapi_demand_strength,93.76,67.53
38-8,202509,tourapi_demand_strength,73.73,69.33
38-13,202509,tourapi_demand_strength,95.92,70.69
38-11,202509,tourapi_demand_strength,68.75,69.3
38-6,202509,tourapi_demand_strength,64.43,66.85
38-4,202509,tourapi_demand_strength,69.2,67.38
38-7,202509,tourapi_demand_strength,58.18,64.94
38-3,202509,tourapi_demand_strength,63.53,63.46
38-5,202509,tourapi_demand_strength,72.75,62.65
38-2,202509,tourapi_demand_strength,82.82,63.11
38-10,202509,tourapi_demand_strength,65.43,63.62
38-24,202509,tourapi_demand_strength,61.83,64.78
38-20,202509,tourapi_demand_strength,70.6,63.03
38-1,202509,tourapi_demand_strength,68.74,62.81
38-23,202509,tourapi_demand_strength,69.43,63.56
38-17,202509,tourapi_demand_strength,63.5,64.93
38-9,202509,tourapi_demand_strength,62.98,66.38
38-22,202509,tourapi_demand_strength,60.66,64.48
38-16,202509,tourapi_demand_strength,66.62,63.87
38-19,202509,tourapi_demand_strength,61.06,65.36
38-18,202509,tourapi_demand_strength,81.39,62.81
38-21,202509,tourapi_demand_strength,84.39,62.8
38-12,202509,tourapi_demand_strength,82.51,62.74
35-23,202509,tourapi_demand_strength,68.12,70.17
35-2,202509,tourapi_demand_strength,79.94,78.56
35-6,202509,tourapi_demand_strength,64.34,67.12
35-11,202509,tourapi_demand_strength,74.76,67.1
35-4,202509,tourapi_demand_strength,69.75,71.45
35-14,202509,tourapi_demand_strength,77.84,64.22
35-15,202509,tourapi_demand_strength,61.79,66.93
35-9,202509,tourapi_demand_strength,65.47,64.93
35-7,202509,tourapi_demand_strength,70.05,66.09
35-1,202509,tourapi_demand_strength,65.78,71.28
35-19,202509,tourapi_demand_strength,65.66,63.93
35-21,202509,tourapi_demand_strength,72.43,62.92
35-13,202509,tourapi_demand_strength,77.25,62.19
35-12,202509,tourapi_demand_strength,80.12,64.34
35-20,202509,tourapi_demand_strength,66.56,64.78
35-3,202509,tourapi_demand_strength,56.61,63.09
35-10,202509,tourapi_demand_strength,61.76,66.05
35-22,202509,tourapi_demand_strength,57.04,72.01
35-16,202509,tourapi_demand_strength,70.35,63.23
35-8,202509,tourapi_demand_strength,68.93,62.72
35-18,202509,tourapi_demand_strength,86.36,63.71
35-17,202509,tourapi_demand_strength,149.54,62.73
36-16,202509,tourapi_demand_strength,60.78,69.57
36-13,202509,tourapi_demand_strength,74.3,67.92
36-17,202509,tourapi_demand_strength,87.91,65.26
36-8,202509,tourapi_demand_strength,66.99,67.06
36-4,202509,tourapi_demand_strength,63.95,79.4
36-7,202509,tourapi_demand_strength,66.27,64.88
36-1,202509,tourapi_demand_strength,91.16,66.17
36-10,202509,tourapi_demand_strength,62.28,72.21
36-12,202509,tourapi_demand_strength,62.51,62.53
36-19,202509,tourapi_demand_strength,58.01,66.76
36-15,202509,tourapi_demand_strength,64.71,65.36
36-3,202509,tourapi_demand_strength,61.64,64.26
36-5,202509,tourapi_demand_strength,94.04,63.94
36-18,202509,tourapi_demand_strength,70.46,63.48
36-9,202509,tourapi_demand_strength,70.12,64.19
36-20,202509,tourapi_demand_strength,64.9,63.13
36-2,202509,tourapi_demand_strength,71.33,63.55
36-21,202509,tourapi_demand_strength,70.79,62.96
39-4,202509,tourapi_demand_strength,95.03,94.33
39-3,202509,tourapi_demand_strength,95.45,80.6
32-13,202509,tourapi_demand_strength,79.86,72.82
32-9,202509,tourapi_demand_strength,77.37,75.24
32-1,202509,tourapi_demand_strength,91.11,72.67
32-3,202509,tourapi_demand_strength,80.73,65.46
32-14,202509,tourapi_demand_strength,80.7,63.63
32-5,202509,tourapi_demand_strength,96.85,71.96
32-4,202509,tourapi_demand_strength,86.77,64.89
32-16,202509,tourapi_demand_strength,73.31,69.44
32-18,202509,tourapi_demand_strength,68.54,67.08
32-8,202509,tourapi_demand_strength,80.58,63.91
32-15,202509,tourapi_demand_strength,88.35,66.78
32-11,202509,tourapi_demand_strength,100.1,64.51
32-12,202509,tourapi_demand_strength,72.57,63.52
32-17,202509,tourapi_demand_strength,71.01,62.66
32-6,202509,tourapi_demand_strength,78.3,62.58
32-10,202509,tourapi_demand_strength,72.42,64.02
32-2,202509,tourapi_demand_strength,98.82,64.89
32-7,202509,tourapi_demand_strength,88.85,65.29
37-12,202509,tourapi_demand_strength,65.91,72.97
37-2,202509,tourapi_demand_strength,78.62,71.94
37-9,202509,tourapi_demand_strength,68.08,68.46
37-13,202509,tourapi_demand_strength,67.75,64.75
37-4,202509,tourapi_demand_strength,72.39,65.03
37-3,202509,tourapi_demand_strength,60.44,65.55
37-8,202509,tourapi_demand_strength,60.86,67.82
37-14,202509,tourapi_demand_strength,64.06,63.03
37-5,202509,tourapi_demand_strength,75.81,63.17
37-11,202509,tourapi_demand_strength,71.71,62.8
37-10,202509,tourapi_demand_strength,55.88,64.23
37-7,202509,tourapi_demand_strength,62.87,62.6
37-1,202509,tourapi_demand_strength,68.73,64.29
37-6,202509,tourapi_demand_strength,81.73,64.73
