region_id,asof,source,ctx_population
1-1,2026-05,kosis,552962
1-2,2026-05,kosis,499058
1-3,2026-05,kosis,278294
1-4,2026-05,kosis,548622
1-5,2026-05,kosis,478154
1-6,2026-05,kosis,331136
1-7,2026-05,kosis,382652
1-8,2026-05,kosis,222655
1-9,2026-05,kosis,481589
1-10,2026-05,kosis,298571
1-11,2026-05,kosis,352299
1-12,2026-05,kosis,372327
1-13,2026-05,kosis,356856
1-14,2026-05,kosis,300236
1-15,2026-05,kosis,414486
1-16,2026-05,kosis,274694
1-17,2026-05,kosis,422190
1-18,2026-05,kosis,650505
1-19,2026-05,kosis,422070
1-20,2026-05,kosis,371772
1-21,2026-05,kosis,199810
1-22,2026-05,kosis,453398
1-23,2026-05,kosis,136518
1-24,2026-05,kosis,117765
1-25,2026-05,kosis,376463
2-1,2026-05,kosis,69689
2-2,2026-05,kosis,276563
2-3,2026-05,kosis,417725
2-4,2026-05,kosis,479343
2-5,2026-05,kosis,57836
2-6,2026-05,kosis,488829
2-7,2026-05,kosis,660464
2-8,2026-05,kosis,410308
2-9,2026-05,kosis,19376
2-10,2026-05,kosis,178490
3-1,2026-05,kosis,164379
3-2,2026-05,kosis,218505
3-3,2026-05,kosis,463601
3-4,2026-05,kosis,371147
3-5,2026-05,kosis,224581
4-1,2026-05,kosis,140620
4-2,2026-05,kosis,514075
4-3,2026-05,kosis,252210
4-4,2026-05,kosis,338260
4-5,2026-05,kosis,407548
4-6,2026-05,kosis,163748
4-7,2026-05,kosis,408527
4-8,2026-05,kosis,101643
4-9,2026-05,kosis,22674
5-1,2026-05,kosis,384040
5-2,2026-05,kosis,206083
5-3,2026-05,kosis,105005
5-4,2026-05,kosis,416326
5-5,2026-05,kosis,274925
6-1,2026-05,kosis,153175
6-2,2026-05,kosis,205968
6-3,2026-05,kosis,175273
6-4,2026-05,kosis,254174
6-5,2026-05,kosis,83432
6-6,2026-05,kosis,271437
6-7,2026-05,kosis,365104
6-8,2026-05,kosis,260994
6-9,2026-05,kosis,192718
6-10,2026-05,kosis,282633
6-11,2026-05,kosis,101320
6-12,2026-05,kosis,168513
6-13,2026-05,kosis,211509
6-14,2026-05,kosis,100748
6-15,2026-05,kosis,36375
6-16,2026-05,kosis,370920
7-1,2026-05,kosis,203216
7-2,2026-05,kosis,304385
7-3,2026-05,kosis,147834
7-4,2026-05,kosis,213772
7-5,2026-05,kosis,218259
8-1,2026-05,kosis,391064
31-1,2026-05,kosis,62044
31-2,2026-05,kosis,1057471
31-3,2026-05,kosis,80384
31-4,2026-05,kosis,303479
31-5,2026-05,kosis,398250
31-6,2026-05,kosis,187463
31-7,2026-05,kosis,249770
31-8,2026-05,kosis,484047
31-9,2026-05,kosis,727717
31-10,2026-05,kosis,86243
31-11,2026-05,kosis,756037
31-12,2026-05,kosis,903747
31-13,2026-05,kosis,1186120
31-14,2026-05,kosis,514804
31-15,2026-05,kosis,609712
31-16,2026-05,kosis,198631
31-17,2026-05,kosis,562341
31-18,2026-05,kosis,296976
31-19,2026-05,kosis,126746
31-20,2026-05,kosis,113541
31-21,2026-05,kosis,42868
31-22,2026-05,kosis,252414
31-23,2026-05,kosis,1089693
31-24,2026-05,kosis,163071
31-25,2026-05,kosis,461816
31-26,2026-05,kosis,223635
31-27,2026-05,kosis,532124
31-28,2026-05,kosis,618234
31-29,2026-05,kosis,140464
31-30,2026-05,kosis,327571
31-31,2026-05,kosis,997713
32-1,2026-05,kosis,205790
32-2,2026-05,kosis,27189
32-3,2026-05,kosis,85608
32-4,2026-05,kosis,60408
32-5,2026-05,kosis,78805
32-6,2026-05,kosis,20358
32-7,2026-05,kosis,27417
32-8,2026-05,kosis,35757
32-9,2026-05,kosis,364570
32-10,2026-05,kosis,30752
32-11,2026-05,kosis,35113
32-12,2026-05,kosis,39727
32-13,2026-05,kosis,285160
32-14,2026-05,kosis,36853
32-15,2026-05,kosis,39917
32-16,2026-05,kosis,65889
32-17,2026-05,kosis,22328
32-18,2026-05,kosis,45596
33-1,2026-05,kosis,37428
33-2,2026-05,kosis,26623
33-3,2026-05,kosis,30716
33-4,2026-05,kosis,43031
33-5,2026-05,kosis,50423
33-6,2026-05,kosis,95787
33-7,2026-05,kosis,128306
33-8,2026-05,kosis,85558
33-10,2026-05,kosis,859441
33-11,2026-05,kosis,206179
33-12,2026-05,kosis,36724
34-1,2026-05,kosis,99841
34-2,2026-05,kosis,48975
34-3,2026-05,kosis,106094
34-4,2026-05,kosis,172285
34-5,2026-05,kosis,91353
34-6,2026-05,kosis,57822
34-7,2026-05,kosis,171306
34-8,2026-05,kosis,46844
34-9,2026-05,kosis,363223
34-11,2026-05,kosis,78337
34-12,2026-05,kosis,665858
34-13,2026-05,kosis,30081
34-14,2026-05,kosis,59083
34-15,2026-05,kosis,101443
34-16,2026-05,kosis,45972
35-1,2026-05,kosis,263639
35-2,2026-05,kosis,243141
35-3,2026-05,kosis,29581
35-4,2026-05,kosis,402867
35-6,2026-05,kosis,132840
35-7,2026-05,kosis,64792
35-8,2026-05,kosis,28107
35-9,2026-05,kosis,89382
35-10,2026-05,kosis,40552
35-11,2026-05,kosis,152246
35-12,2026-05,kosis,32525
35-13,2026-05,kosis,15969
35-14,2026-05,kosis,96511
35-15,2026-05,kosis,94331
35-16,2026-05,kosis,53467
35-17,2026-05,kosis,8756
35-18,2026-05,kosis,46096
35-19,2026-05,kosis,47893
35-20,2026-05,kosis,40058
35-21,2026-05,kosis,23280
35-22,2026-05,kosis,103618
35-23,2026-05,kosis,487055
36-1,2026-05,kosis,229221
36-2,2026-05,kosis,58874
36-3,2026-05,kosis,46849
36-4,2026-05,kosis,532665
36-5,2026-05,kosis,41091
36-7,2026-05,kosis,98619
36-8,2026-05,kosis,107808
36-9,2026-05,kosis,32672
36-10,2026-05,kosis,361433
36-12,2026-05,kosis,24481
36-13,2026-05,kosis,334984
36-15,2026-05,kosis,54536
36-16,2026-05,kosis,986759
36-17,2026-05,kosis,115818
36-18,2026-05,kosis,39703
36-19,2026-05,kosis,56985
36-20,2026-05,kosis,35217
36-21,2026-05,kosis,38917
37-1,2026-05,kosis,50148
37-2,2026-05,kosis,255649
37-3,2026-05,kosis,81665
37-4,2026-05,kosis,73937
37-5,2026-05,kosis,23202
37-6,2026-05,kosis,47009
37-7,2026-05,kosis,27611
37-8,2026-05,kosis,100033
37-9,2026-05,kosis,266818
37-10,2026-05,kosis,25347
37-11,2026-05,kosis,21144
37-12,2026-05,kosis,621760
37-13,2026-05,kosis,100683
37-14,2026-05,kosis,24414
38-1,2026-05,kosis,31746
38-2,2026-05,kosis,59047
38-3,2026-05,kosis,27643
38-4,2026-05,kosis,155909
38-5,2026-05,kosis,23995
38-6,2026-05,kosis,116791
38-7,2026-05,kosis,44112
38-8,2026-05,kosis,199813
38-9,2026-05,kosis,95807
38-10,2026-05,kosis,36691
38-11,2026-05,kosis,274685
38-12,2026-05,kosis,42207
38-13,2026-05,kosis,260913
38-16,2026-05,kosis,53933
38-17,2026-05,kosis,50069
38-18,2026-05,kosis,44238
38-19,2026-05,kosis,43009
38-20,2026-05,kosis,34006
38-21,2026-05,kosis,27884
38-22,2026-05,kosis,29490
38-23,2026-05,kosis,62086
38-24,2026-05,kosis,60008
39-3,2026-05,kosis,178798
39-4,2026-05,kosis,484171
