region_id,asof,source,rlte_out_pct,rlte_tats,rlte_topdest,rlte_topdest_nm
1-1,202509,tourapi_rlte,52.9,36,1-18,송파구
1-10,202509,tourapi_rlte,71.6,5,1-9,노원구
1-11,202509,tourapi_rlte,80.6,15,1-24,중구
1-12,202509,tourapi_rlte,76.8,11,1-20,영등포구
1-13,202509,tourapi_rlte,57.7,15,1-20,영등포구
1-14,202509,tourapi_rlte,81.2,9,1-23,종로구
1-15,202509,tourapi_rlte,59.9,26,1-1,강남구
1-16,202509,tourapi_rlte,77.6,12,1-24,중구
1-17,202509,tourapi_rlte,73.8,18,1-23,종로구
1-18,202509,tourapi_rlte,48.1,19,1-1,강남구
1-19,202509,tourapi_rlte,72.9,17,1-4,강서구
1-2,202509,tourapi_rlte,58.6,13,1-18,송파구
1-20,202509,tourapi_rlte,63.5,15,1-21,용산구
1-21,202509,tourapi_rlte,66.6,21,1-24,중구
1-22,202509,tourapi_rlte,46.7,10,1-24,중구
1-23,202509,tourapi_rlte,65.5,69,1-24,중구
1-24,202509,tourapi_rlte,67.2,31,1-23,종로구
1-25,202509,tourapi_rlte,80.3,6,1-9,노원구
1-3,202509,tourapi_rlte,62.0,10,1-17,성북구
1-4,202509,tourapi_rlte,42.5,18,1-20,영등포구
1-5,202509,tourapi_rlte,80.8,14,1-15,서초구
1-6,202509,tourapi_rlte,70.2,14,1-18,송파구
1-7,202509,tourapi_rlte,76.5,12,1-20,영등포구
1-8,202509,tourapi_rlte,72.8,9,1-20,영등포구
1-9,202509,tourapi_rlte,49.3,15,1-10,도봉구
2-1,202509,tourapi_rlte,3.4,71,2-7,서구
2-10,202509,tourapi_rlte,18.6,46,2-8,연수구
2-2,202509,tourapi_rlte,47.0,9,2-7,서구
2-3,202509,tourapi_rlte,72.7,8,2-8,연수구
2-4,202509,tourapi_rlte,49.7,11,2-8,연수구
2-5,202509,tourapi_rlte,84.7,4,2-10,중구
2-6,202509,tourapi_rlte,53.4,6,2-7,서구
2-7,202509,tourapi_rlte,35.7,9,2-10,중구
2-8,202509,tourapi_rlte,33.1,20,2-10,중구
2-9,202509,tourapi_rlte,22.3,29,2-10,중구
3-1,202509,tourapi_rlte,68.6,10,3-4,유성구
3-2,202509,tourapi_rlte,60.6,13,3-5,중구
3-3,202509,tourapi_rlte,62.1,13,3-4,유성구
3-4,202509,tourapi_rlte,42.9,21,3-3,서구
3-5,202509,tourapi_rlte,57.7,13,3-2,동구
31-1,202509,tourapi_rlte,21.5,34,31-9,남양주시
31-10,202509,tourapi_rlte,53.1,8,31-18,양주시
31-11,202509,tourapi_rlte,61.3,30,31-11,부천시 원미구
31-12,202509,tourapi_rlte,58.8,38,31-23,용인시 수지구
31-13,202509,tourapi_rlte,65.7,64,31-13,수원시 팔달구
31-14,202509,tourapi_rlte,29.6,34,31-15,안산시 단원구
31-15,202509,tourapi_rlte,47.9,31,31-31,화성시
31-16,202509,tourapi_rlte,30.8,26,31-28,평택시
31-17,202509,tourapi_rlte,66.7,20,31-17,안양시 동안구
31-18,202509,tourapi_rlte,37.7,34,31-25,의정부시
31-19,202509,tourapi_rlte,24.2,43,31-9,남양주시
31-2,202509,tourapi_rlte,45.7,33,31-2,고양시 일산동구
31-20,202509,tourapi_rlte,17.9,26,31-26,이천시
31-21,202509,tourapi_rlte,39.3,17,31-27,파주시
31-22,202509,tourapi_rlte,43.6,15,31-31,화성시
31-23,202509,tourapi_rlte,47.3,58,31-23,용인시 기흥구
31-24,202509,tourapi_rlte,49.8,13,31-17,안양시 동안구
31-25,202509,tourapi_rlte,36.7,9,31-18,양주시
31-26,202509,tourapi_rlte,21.9,26,31-20,여주시
31-27,202509,tourapi_rlte,24.4,46,31-2,고양시 덕양구
31-28,202509,tourapi_rlte,22.5,29,31-31,화성시
31-29,202509,tourapi_rlte,30.7,26,31-9,남양주시
31-3,202509,tourapi_rlte,45.9,11,31-17,안양시 동안구
31-30,202509,tourapi_rlte,32.7,14,31-9,남양주시
31-31,202509,tourapi_rlte,32.6,57,31-15,안산시 단원구
31-4,202509,tourapi_rlte,38.0,9,31-14,시흥시
31-5,202509,tourapi_rlte,34.4,25,31-12,성남시 분당구
31-6,202509,tourapi_rlte,54.3,9,31-9,남양주시
31-7,202509,tourapi_rlte,66.6,12,31-17,안양시 동안구
31-8,202509,tourapi_rlte,13.1,28,31-27,파주시
31-9,202509,tourapi_rlte,31.4,42,31-29,포천시
32-1,202509,tourapi_rlte,21.2,65,32-7,양양군
32-10,202509,tourapi_rlte,54.6,19,32-5,속초시
32-11,202509,tourapi_rlte,26.8,17,32-14,태백시
32-12,202509,tourapi_rlte,1.9,21,32-17,화천군
32-13,202509,tourapi_rlte,5.0,41,32-16,홍천군
32-14,202509,tourapi_rlte,30.5,11,32-11,정선군
32-15,202509,tourapi_rlte,20.0,32,32-1,강릉시
32-16,202509,tourapi_rlte,33.9,15,32-13,춘천시
32-17,202509,tourapi_rlte,47.4,11,32-13,춘천시
32-18,202509,tourapi_rlte,38.5,12,32-15,평창군
32-2,202509,tourapi_rlte,28.8,44,32-5,속초시
32-3,202509,tourapi_rlte,37.0,18,32-4,삼척시
32-4,202509,tourapi_rlte,25.2,45,32-3,동해시
32-5,202509,tourapi_rlte,21.3,39,32-2,고성군
32-6,202509,tourapi_rlte,28.6,10,32-13,춘천시
32-7,202509,tourapi_rlte,31.8,35,32-5,속초시
32-8,202509,tourapi_rlte,15.9,32,32-11,정선군
32-9,202509,tourapi_rlte,10.0,27,32-18,횡성군
33-1,202509,tourapi_rlte,45.7,21,33-11,충주시
33-10,202509,tourapi_rlte,60.0,41,33-10,청주시 청원구
33-11,202509,tourapi_rlte,15.1,11,33-7,제천시
33-12,202509,tourapi_rlte,39.6,12,33-10,청주시 청원구
33-2,202509,tourapi_rlte,15.1,19,33-7,제천시
33-3,202509,tourapi_rlte,29.6,9,33-10,청주시 상당구
33-4,202509,tourapi_rlte,22.6,11,33-5,옥천군
33-5,202509,tourapi_rlte,24.6,12,33-4,영동군
33-6,202509,tourapi_rlte,35.8,8,33-11,충주시
33-7,202509,tourapi_rlte,16.5,30,33-2,단양군
33-8,202509,tourapi_rlte,24.3,9,33-6,음성군
34-1,202509,tourapi_rlte,17.5,29,34-6,부여군
34-11,202509,tourapi_rlte,29.9,18,34-15,홍성군
34-12,202509,tourapi_rlte,34.0,29,34-12,천안시 서북구
34-13,202509,tourapi_rlte,33.9,9,34-1,공주시
34-14,202509,tourapi_rlte,19.1,74,34-5,보령시
34-15,202509,tourapi_rlte,53.3,23,34-11,예산군
34-16,202509,tourapi_rlte,50.0,4,34-3,논산시
34-2,202509,tourapi_rlte,12.6,15,34-3,논산시
34-3,202509,tourapi_rlte,21.4,25,34-6,부여군
34-4,202509,tourapi_rlte,28.8,31,34-7,서산시
34-5,202509,tourapi_rlte,32.8,39,34-14,태안군
34-6,202509,tourapi_rlte,21.1,25,34-1,공주시
34-7,202509,tourapi_rlte,52.9,26,34-14,태안군
34-8,202509,tourapi_rlte,22.3,23,34-5,보령시
34-9,202509,tourapi_rlte,28.8,30,34-12,천안시 서북구
35-1,202509,tourapi_rlte,22.0,8,35-15,영천시
35-10,202509,tourapi_rlte,21.9,5,35-6,김천시
35-11,202509,tourapi_rlte,11.4,29,35-14,영주시
35-12,202509,tourapi_rlte,30.8,21,35-18,울진군
35-13,202509,tourapi_rlte,44.4,5,35-21,청송군
35-14,202509,tourapi_rlte,21.3,13,35-11,안동시
35-15,202509,tourapi_rlte,40.2,16,35-2,경주시
35-16,202509,tourapi_rlte,37.0,10,35-11,안동시
35-17,202509,tourapi_rlte,2.3,15,35-23,포항시 북구
35-18,202509,tourapi_rlte,21.4,26,35-12,영덕군
35-19,202509,tourapi_rlte,44.3,11,35-11,안동시
35-2,202509,tourapi_rlte,4.9,53,35-23,포항시 남구
35-20,202509,tourapi_rlte,24.4,12,35-1,경산시
35-21,202509,tourapi_rlte,37.2,9,35-12,영덕군
35-22,202509,tourapi_rlte,42.5,14,35-4,구미시
35-23,202509,tourapi_rlte,34.9,40,35-23,포항시 남구
35-3,202509,tourapi_rlte,11.9,11,35-10,성주군
35-4,202509,tourapi_rlte,19.2,21,35-22,칠곡군
35-6,202509,tourapi_rlte,23.0,13,35-4,구미시
35-7,202509,tourapi_rlte,12.6,14,35-16,예천군
35-8,202509,tourapi_rlte,59.0,6,35-14,영주시
35-9,202509,tourapi_rlte,27.2,17,35-7,문경시
36-1,202509,tourapi_rlte,9.1,76,36-17,통영시
36-10,202509,tourapi_rlte,6.8,18,36-7,밀양시
36-12,202509,tourapi_rlte,47.5,12,36-19,함안군
36-13,202509,tourapi_rlte,22.3,30,36-8,사천시
36-15,202509,tourapi_rlte,34.9,16,36-19,함안군
36-16,202509,tourapi_rlte,50.1,75,36-16,창원시 성산구
36-17,202509,tourapi_rlte,12.3,44,36-1,거제시
36-18,202509,tourapi_rlte,27.4,20,36-5,남해군
36-19,202509,tourapi_rlte,37.9,12,36-12,의령군
36-2,202509,tourapi_rlte,14.0,11,36-20,함양군
36-20,202509,tourapi_rlte,30.8,15,36-2,거창군
36-21,202509,tourapi_rlte,39.6,19,36-2,거창군
36-3,202509,tourapi_rlte,47.0,15,36-8,사천시
36-4,202509,tourapi_rlte,16.5,27,36-16,창원시 의창구
36-5,202509,tourapi_rlte,17.1,30,36-8,사천시
36-7,202509,tourapi_rlte,16.8,21,36-4,김해시
36-8,202509,tourapi_rlte,29.0,21,36-5,남해군
36-9,202509,tourapi_rlte,48.4,11,36-20,함양군
37-1,202509,tourapi_rlte,19.2,21,37-6,부안군
37-10,202509,tourapi_rlte,54.3,6,37-12,전주시 덕진구
37-11,202509,tourapi_rlte,36.5,8,37-5,무주군
37-12,202509,tourapi_rlte,45.1,23,37-12,전주시 완산구
37-13,202509,tourapi_rlte,28.7,19,37-1,고창군
37-14,202509,tourapi_rlte,44.2,10,37-5,무주군
37-2,202509,tourapi_rlte,10.6,29,37-6,부안군
37-3,202509,tourapi_rlte,53.0,13,37-2,군산시
37-4,202509,tourapi_rlte,10.5,25,37-12,전주시 완산구
37-5,202509,tourapi_rlte,9.3,15,37-14,진안군
37-6,202509,tourapi_rlte,18.7,25,37-2,군산시
37-7,202509,tourapi_rlte,41.3,7,37-12,전주시 완산구
37-8,202509,tourapi_rlte,54.8,22,37-12,전주시 완산구
37-9,202509,tourapi_rlte,25.9,20,37-12,전주시 완산구
38-1,202509,tourapi_rlte,41.9,17,38-23,해남군
38-10,202509,tourapi_rlte,42.4,14,38-11,순천시
38-11,202509,tourapi_rlte,30.7,26,38-13,여수시
38-12,202509,tourapi_rlte,49.5,30,38-8,목포시
38-13,202509,tourapi_rlte,6.8,65,38-11,순천시
38-16,202509,tourapi_rlte,22.1,18,38-22,함평군
38-17,202509,tourapi_rlte,56.5,8,38-8,목포시
38-18,202509,tourapi_rlte,37.8,24,38-23,해남군
38-19,202509,tourapi_rlte,36.6,9,38-7,담양군
38-2,202509,tourapi_rlte,28.9,34,38-13,여수시
38-20,202509,tourapi_rlte,52.9,14,38-1,강진군
38-21,202509,tourapi_rlte,31.7,23,38-23,해남군
38-22,202509,tourapi_rlte,62.4,10,38-16,영광군
38-23,202509,tourapi_rlte,46.7,25,38-21,진도군
38-24,202509,tourapi_rlte,26.7,19,38-6,나주시
38-3,202509,tourapi_rlte,60.2,7,38-11,순천시
38-4,202509,tourapi_rlte,37.5,16,38-11,순천시
38-5,202509,tourapi_rlte,28.4,13,38-11,순천시
38-6,202509,tourapi_rlte,23.1,17,38-9,무안군
38-7,202509,tourapi_rlte,9.3,21,38-19,장성군
38-8,202509,tourapi_rlte,14.0,29,38-17,영암군
38-9,202509,tourapi_rlte,44.8,17,38-8,목포시
39-3,202509,tourapi_rlte,19.7,124,39-4,제주시
39-4,202509,tourapi_rlte,17.9,153,39-3,서귀포시
4-1,202509,tourapi_rlte,76.8,11,4-7,수성구
4-2,202509,tourapi_rlte,60.3,20,4-3,달성군
4-3,202509,tourapi_rlte,43.4,30,4-2,달서구
4-4,202509,tourapi_rlte,44.2,28,4-7,수성구
4-5,202509,tourapi_rlte,63.4,17,4-4,동구
4-6,202509,tourapi_rlte,80.6,6,4-5,북구
4-7,202509,tourapi_rlte,50.6,15,4-4,동구
4-8,202509,tourapi_rlte,70.6,18,4-7,수성구
4-9,202509,tourapi_rlte,39.2,16,35-22,칠곡군
5-1,202509,tourapi_rlte,50.6,4,5-5,서구
5-2,202509,tourapi_rlte,79.2,6,5-3,동구
5-3,202509,tourapi_rlte,69.6,9,5-5,서구
5-4,202509,tourapi_rlte,57.9,13,5-1,광산구
5-5,202509,tourapi_rlte,40.4,7,5-1,광산구
6-1,202509,tourapi_rlte,41.5,16,6-10,사하구
6-10,202509,tourapi_rlte,64.5,11,6-1,강서구
6-11,202509,tourapi_rlte,82.1,13,6-14,영도구
6-12,202509,tourapi_rlte,78.2,6,6-16,해운대구
6-13,202509,tourapi_rlte,90.9,6,6-16,해운대구
6-14,202509,tourapi_rlte,53.7,16,6-15,중구
6-15,202509,tourapi_rlte,83.3,10,6-16,해운대구
6-16,202509,tourapi_rlte,46.5,14,6-3,기장군
6-2,202509,tourapi_rlte,65.6,5,6-3,기장군
6-3,202509,tourapi_rlte,21.7,32,6-16,해운대구
6-4,202509,tourapi_rlte,70.1,14,6-16,해운대구
6-5,202509,tourapi_rlte,82.1,7,6-7,부산진구
6-6,202509,tourapi_rlte,72.5,11,6-2,금정구
6-7,202509,tourapi_rlte,68.1,13,6-16,해운대구
6-8,202509,tourapi_rlte,54.3,3,6-2,금정구
6-9,202509,tourapi_rlte,72.0,5,6-8,북구
7-1,202509,tourapi_rlte,66.9,13,7-2,남구
7-2,202509,tourapi_rlte,50.3,14,7-5,울주군
7-3,202509,tourapi_rlte,56.4,14,7-2,남구
7-4,202509,tourapi_rlte,40.7,14,7-2,남구
7-5,202509,tourapi_rlte,23.4,36,7-2,남구
8-1,202509,tourapi_rlte,0.0,18,,
