region_id,asof,source,sup_pet
1-1,2026-07,tourapi_pet,2
1-2,2026-07,tourapi_pet,0
1-3,2026-07,tourapi_pet,1
1-4,2026-07,tourapi_pet,2
1-5,2026-07,tourapi_pet,1
1-6,2026-07,tourapi_pet,1
1-7,2026-07,tourapi_pet,2
1-8,2026-07,tourapi_pet,0
1-9,2026-07,tourapi_pet,1
1-10,2026-07,tourapi_pet,0
1-11,2026-07,tourapi_pet,1
1-12,2026-07,tourapi_pet,0
1-13,2026-07,tourapi_pet,4
1-14,2026-07,tourapi_pet,0
1-15,2026-07,tourapi_pet,4
1-16,2026-07,tourapi_pet,5
1-17,2026-07,tourapi_pet,3
1-18,2026-07,tourapi_pet,3
1-19,2026-07,tourapi_pet,0
1-20,2026-07,tourapi_pet,4
1-21,2026-07,tourapi_pet,3
1-22,2026-07,tourapi_pet,1
1-23,2026-07,tourapi_pet,12
1-24,2026-07,tourapi_pet,8
1-25,2026-07,tourapi_pet,1
2-1,2026-07,tourapi_pet,4
2-2,2026-07,tourapi_pet,2
2-3,2026-07,tourapi_pet,1
2-4,2026-07,tourapi_pet,3
2-5,2026-07,tourapi_pet,0
2-6,2026-07,tourapi_pet,0
2-7,2026-07,tourapi_pet,1
2-8,2026-07,tourapi_pet,3
2-9,2026-07,tourapi_pet,5
2-10,2026-07,tourapi_pet,8
3-1,2026-07,tourapi_pet,0
3-2,2026-07,tourapi_pet,4
3-3,2026-07,tourapi_pet,0
3-4,2026-07,tourapi_pet,2
3-5,2026-07,tourapi_pet,3
4-1,2026-07,tourapi_pet,2
4-2,2026-07,tourapi_pet,0
4-3,2026-07,tourapi_pet,1
4-4,2026-07,tourapi_pet,2
4-5,2026-07,tourapi_pet,0
4-6,2026-07,tourapi_pet,0
4-7,2026-07,tourapi_pet,1
4-8,2026-07,tourapi_pet,4
4-9,2026-07,tourapi_pet,0
5-1,2026-07,tourapi_pet,0
5-2,2026-07,tourapi_pet,1
5-3,2026-07,tourapi_pet,2
5-4,2026-07,tourapi_pet,0
5-5,2026-07,tourapi_pet,0
6-1,2026-07,tourapi_pet,0
6-2,2026-07,tourapi_pet,1
6-3,2026-07,tourapi_pet,1
6-4,2026-07,tourapi_pet,0
6-5,2026-07,tourapi_pet,0
6-6,2026-07,tourapi_pet,1
6-7,2026-07,tourapi_pet,0
6-8,2026-07,tourapi_pet,1
6-9,2026-07,tourapi_pet,0
6-10,2026-07,tourapi_pet,1
6-11,2026-07,tourapi_pet,3
6-12,2026-07,tourapi_pet,2
6-13,2026-07,tourapi_pet,0
6-14,2026-07,tourapi_pet,1
6-15,2026-07,tourapi_pet,0
6-16,2026-07,tourapi_pet,7
7-1,2026-07,tourapi_pet,4
7-2,2026-07,tourapi_pet,2
7-3,2026-07,tourapi_pet,6
7-4,2026-07,tourapi_pet,5
7-5,2026-07,tourapi_pet,16
8-1,2026-07,tourapi_pet,2
31-1,2026-07,tourapi_pet,7
31-2,2026-07,tourapi_pet,3
31-3,2026-07,tourapi_pet,1
31-4,2026-07,tourapi_pet,0
31-5,2026-07,tourapi_pet,0
31-6,2026-07,tourapi_pet,0
31-7,2026-07,tourapi_pet,0
31-8,2026-07,tourapi_pet,3
31-9,2026-07,tourapi_pet,3
31-10,2026-07,tourapi_pet,2
31-11,2026-07,tourapi_pet,1
31-12,2026-07,tourapi_pet,1
31-13,2026-07,tourapi_pet,5
31-14,2026-07,tourapi_pet,1
31-15,2026-07,tourapi_pet,3
31-16,2026-07,tourapi_pet,1
31-17,2026-07,tourapi_pet,2
31-18,2026-07,tourapi_pet,3
31-19,2026-07,tourapi_pet,9
31-20,2026-07,tourapi_pet,2
31-21,2026-07,tourapi_pet,1
31-22,2026-07,tourapi_pet,1
31-23,2026-07,tourapi_pet,8
31-24,2026-07,tourapi_pet,1
31-25,2026-07,tourapi_pet,0
31-26,2026-07,tourapi_pet,4
31-27,2026-07,tourapi_pet,6
31-28,2026-07,tourapi_pet,2
31-29,2026-07,tourapi_pet,5
31-30,2026-07,tourapi_pet,2
31-31,2026-07,tourapi_pet,2
32-1,2026-07,tourapi_pet,42
32-2,2026-07,tourapi_pet,8
32-3,2026-07,tourapi_pet,5
32-4,2026-07,tourapi_pet,6
32-5,2026-07,tourapi_pet,2
32-6,2026-07,tourapi_pet,0
32-7,2026-07,tourapi_pet,13
32-8,2026-07,tourapi_pet,17
32-9,2026-07,tourapi_pet,5
32-10,2026-07,tourapi_pet,3
32-11,2026-07,tourapi_pet,5
32-12,2026-07,tourapi_pet,7
32-13,2026-07,tourapi_pet,18
32-14,2026-07,tourapi_pet,1
32-15,2026-07,tourapi_pet,18
32-16,2026-07,tourapi_pet,1
32-17,2026-07,tourapi_pet,8
32-18,2026-07,tourapi_pet,2
33-1,2026-07,tourapi_pet,2
33-2,2026-07,tourapi_pet,4
33-3,2026-07,tourapi_pet,1
33-4,2026-07,tourapi_pet,1
33-5,2026-07,tourapi_pet,1
33-6,2026-07,tourapi_pet,2
33-7,2026-07,tourapi_pet,3
33-8,2026-07,tourapi_pet,0
33-9,2026-07,tourapi_pet,0
33-10,2026-07,tourapi_pet,4
33-11,2026-07,tourapi_pet,7
33-12,2026-07,tourapi_pet,0
34-1,2026-07,tourapi_pet,1
34-2,2026-07,tourapi_pet,0
34-3,2026-07,tourapi_pet,1
34-4,2026-07,tourapi_pet,2
34-5,2026-07,tourapi_pet,1
34-6,2026-07,tourapi_pet,0
34-7,2026-07,tourapi_pet,2
34-8,2026-07,tourapi_pet,3
34-9,2026-07,tourapi_pet,3
34-11,2026-07,tourapi_pet,0
34-12,2026-07,tourapi_pet,0
34-13,2026-07,tourapi_pet,0
34-14,2026-07,tourapi_pet,15
34-15,2026-07,tourapi_pet,0
34-16,2026-07,tourapi_pet,1
35-1,2026-07,tourapi_pet,0
35-2,2026-07,tourapi_pet,16
35-3,2026-07,tourapi_pet,1
35-4,2026-07,tourapi_pet,1
35-6,2026-07,tourapi_pet,0
35-7,2026-07,tourapi_pet,2
35-8,2026-07,tourapi_pet,0
35-9,2026-07,tourapi_pet,1
35-10,2026-07,tourapi_pet,1
35-11,2026-07,tourapi_pet,6
35-12,2026-07,tourapi_pet,4
35-13,2026-07,tourapi_pet,0
35-14,2026-07,tourapi_pet,0
35-15,2026-07,tourapi_pet,1
35-16,2026-07,tourapi_pet,1
35-17,2026-07,tourapi_pet,1
35-18,2026-07,tourapi_pet,1
35-19,2026-07,tourapi_pet,0
35-20,2026-07,tourapi_pet,3
35-21,2026-07,tourapi_pet,0
35-22,2026-07,tourapi_pet,0
35-23,2026-07,tourapi_pet,5
36-1,2026-07,tourapi_pet,4
36-2,2026-07,tourapi_pet,1
36-3,2026-07,tourapi_pet,3
36-4,2026-07,tourapi_pet,0
36-5,2026-07,tourapi_pet,3
36-6,2026-07,tourapi_pet,0
36-7,2026-07,tourapi_pet,6
36-8,2026-07,tourapi_pet,1
36-9,2026-07,tourapi_pet,2
36-10,2026-07,tourapi_pet,0
36-12,2026-07,tourapi_pet,0
36-13,2026-07,tourapi_pet,1
36-14,2026-07,tourapi_pet,0
36-15,2026-07,tourapi_pet,0
36-16,2026-07,tourapi_pet,4
36-17,2026-07,tourapi_pet,1
36-18,2026-07,tourapi_pet,1
36-19,2026-07,tourapi_pet,2
36-20,2026-07,tourapi_pet,0
36-21,2026-07,tourapi_pet,1
37-1,2026-07,tourapi_pet,4
37-2,2026-07,tourapi_pet,4
37-3,2026-07,tourapi_pet,0
37-4,2026-07,tourapi_pet,1
37-5,2026-07,tourapi_pet,5
37-6,2026-07,tourapi_pet,2
37-7,2026-07,tourapi_pet,4
37-8,2026-07,tourapi_pet,2
37-9,2026-07,tourapi_pet,7
37-10,2026-07,tourapi_pet,2
37-11,2026-07,tourapi_pet,1
37-12,2026-07,tourapi_pet,5
37-13,2026-07,tourapi_pet,1
37-14,2026-07,tourapi_pet,1
38-1,2026-07,tourapi_pet,0
38-2,2026-07,tourapi_pet,0
38-3,2026-07,tourapi_pet,0
38-4,2026-07,tourapi_pet,1
38-5,2026-07,tourapi_pet,2
38-6,2026-07,tourapi_pet,1
38-7,2026-07,tourapi_pet,4
38-8,2026-07,tourapi_pet,4
38-9,2026-07,tourapi_pet,1
38-10,2026-07,tourapi_pet,0
38-11,2026-07,tourapi_pet,8
38-12,2026-07,tourapi_pet,1
38-13,2026-07,tourapi_pet,13
38-16,2026-07,tourapi_pet,0
38-17,2026-07,tourapi_pet,2
38-18,2026-07,tourapi_pet,0
38-19,2026-07,tourapi_pet,0
38-20,2026-07,tourapi_pet,3
38-21,2026-07,tourapi_pet,2
38-22,2026-07,tourapi_pet,0
38-23,2026-07,tourapi_pet,3
38-24,2026-07,tourapi_pet,0
39-1,2026-07,tourapi_pet,0
39-2,2026-07,tourapi_pet,0
39-3,2026-07,tourapi_pet,20
39-4,2026-07,tourapi_pet,18
