region_id,sido,sigungu,area_code,sigungu_code
1-1,서울특별시,강남구,1,1
1-2,서울특별시,강동구,1,2
1-3,서울특별시,강북구,1,3
1-4,서울특별시,강서구,1,4
1-5,서울특별시,관악구,1,5
1-6,서울특별시,광진구,1,6
1-7,서울특별시,구로구,1,7
1-8,서울특별시,금천구,1,8
1-9,서울특별시,노원구,1,9
1-10,서울특별시,도봉구,1,10
1-11,서울특별시,동대문구,1,11
1-12,서울특별시,동작구,1,12
1-13,서울특별시,마포구,1,13
1-14,서울특별시,서대문구,1,14
1-15,서울특별시,서초구,1,15
1-16,서울특별시,성동구,1,16
1-17,서울특별시,성북구,1,17
1-18,서울특별시,송파구,1,18
1-19,서울특별시,양천구,1,19
1-20,서울특별시,영등포구,1,20
1-21,서울특별시,용산구,1,21
1-22,서울특별시,은평구,1,22
1-23,서울특별시,종로구,1,23
1-24,서울특별시,중구,1,24
1-25,서울특별시,중랑구,1,25
2-1,인천광역시,강화군,2,1
2-2,인천광역시,계양구,2,2
2-3,인천광역시,미추홀구,2,3
2-4,인천광역시,남동구,2,4
2-5,인천광역시,동구,2,5
2-6,인천광역시,부평구,2,6
2-7,인천광역시,서구,2,7
2-8,인천광역시,연수구,2,8
2-9,인천광역시,옹진군,2,9
2-10,인천광역시,중구,2,10
3-1,대전광역시,대덕구,3,1
3-2,대전광역시,동구,3,2
3-3,대전광역시,서구,3,3
3-4,대전광역시,유성구,3,4
3-5,대전광역시,중구,3,5
4-1,대구광역시,남구,4,1
4-2,대구광역시,달서구,4,2
4-3,대구광역시,달성군,4,3
4-4,대구광역시,동구,4,4
4-5,대구광역시,북구,4,5
4-6,대구광역시,서구,4,6
4-7,대구광역시,수성구,4,7
4-8,대구광역시,중구,4,8
4-9,대구광역시,군위군,4,9
5-1,광주광역시,광산구,5,1
5-2,광주광역시,남구,5,2
5-3,광주광역시,동구,5,3
5-4,광주광역시,북구,5,4
5-5,광주광역시,서구,5,5
6-1,부산광역시,강서구,6,1
6-2,부산광역시,금정구,6,2
6-3,부산광역시,기장군,6,3
6-4,부산광역시,남구,6,4
6-5,부산광역시,동구,6,5
6-6,부산광역시,동래구,6,6
6-7,부산광역시,부산진구,6,7
6-8,부산광역시,북구,6,8
6-9,부산광역시,사상구,6,9
6-10,부산광역시,사하구,6,10
6-11,부산광역시,서구,6,11
6-12,부산광역시,수영구,6,12
6-13,부산광역시,연제구,6,13
6-14,부산광역시,영도구,6,14
6-15,부산광역시,중구,6,15
6-16,부산광역시,해운대구,6,16
7-1,울산광역시,중구,7,1
7-2,울산광역시,남구,7,2
7-3,울산광역시,동구,7,3
7-4,울산광역시,북구,7,4
7-5,울산광역시,울주군,7,5
8-1,세종특별자치시,세종특별자치시,8,1
31-1,경기도,가평군,31,1
31-2,경기도,고양시,31,2
31-3,경기도,과천시,31,3
31-4,경기도,광명시,31,4
31-5,경기도,광주시,31,5
31-6,경기도,구리시,31,6
31-7,경기도,군포시,31,7
31-8,경기도,김포시,31,8
31-9,경기도,남양주시,31,9
31-10,경기도,동두천시,31,10
31-11,경기도,부천시,31,11
31-12,경기도,성남시,31,12
31-13,경기도,수원시,31,13
31-14,경기도,시흥시,31,14
31-15,경기도,안산시,31,15
31-16,경기도,안성시,31,16
31-17,경기도,안양시,31,17
31-18,경기도,양주시,31,18
31-19,경기도,양평군,31,19
31-20,경기도,여주시,31,20
31-21,경기도,연천군,31,21
31-22,경기도,오산시,31,22
31-23,경기도,용인시,31,23
31-24,경기도,의왕시,31,24
31-25,경기도,의정부시,31,25
31-26,경기도,이천시,31,26
31-27,경기도,파주시,31,27
31-28,경기도,평택시,31,28
31-29,경기도,포천시,31,29
31-30,경기도,하남시,31,30
31-31,경기도,화성시,31,31
32-1,강원특별자치도,강릉시,32,1
32-2,강원특별자치도,고성군,32,2
32-3,강원특별자치도,동해시,32,3
32-4,강원특별자치도,삼척시,32,4
32-5,강원특별자치도,속초시,32,5
32-6,강원특별자치도,양구군,32,6
32-7,강원특별자치도,양양군,32,7
32-8,강원특별자치도,영월군,32,8
32-9,강원특별자치도,원주시,32,9
32-10,강원특별자치도,인제군,32,10
32-11,강원특별자치도,정선군,32,11
32-12,강원특별자치도,철원군,32,12
32-13,강원특별자치도,춘천시,32,13
32-14,강원특별자치도,태백시,32,14
32-15,강원특별자치도,평창군,32,15
32-16,강원특별자치도,홍천군,32,16
32-17,강원특별자치도,화천군,32,17
32-18,강원특별자치도,횡성군,32,18
33-1,충청북도,괴산군,33,1
33-2,충청북도,단양군,33,2
33-3,충청북도,보은군,33,3
33-4,충청북도,영동군,33,4
33-5,충청북도,옥천군,33,5
33-6,충청북도,음성군,33,6
33-7,충청북도,제천시,33,7
33-8,충청북도,진천군,33,8
33-9,충청북도,청원군,33,9
33-10,충청북도,청주시,33,10
33-11,충청북도,충주시,33,11
33-12,충청북도,증평군,33,12
34-1,충청남도,공주시,34,1
34-2,충청남도,금산군,34,2
34-3,충청남도,논산시,34,3
34-4,충청남도,당진시,34,4
34-5,충청남도,보령시,34,5
34-6,충청남도,부여군,34,6
34-7,충청남도,서산시,34,7
34-8,충청남도,서천군,34,8
34-9,충청남도,아산시,34,9
34-11,충청남도,예산군,34,11
34-12,충청남도,천안시,34,12
34-13,충청남도,청양군,34,13
34-14,충청남도,태안군,34,14
34-15,충청남도,홍성군,34,15
34-16,충청남도,계룡시,34,16
35-1,경상북도,경산시,35,1
35-2,경상북도,경주시,35,2
35-3,경상북도,고령군,35,3
35-4,경상북도,구미시,35,4
35-6,경상북도,김천시,35,6
35-7,경상북도,문경시,35,7
35-8,경상북도,봉화군,35,8
35-9,경상북도,상주시,35,9
35-10,경상북도,성주군,35,10
35-11,경상북도,안동시,35,11
35-12,경상북도,영덕군,35,12
35-13,경상북도,영양군,35,13
35-14,경상북도,영주시,35,14
35-15,경상북도,영천시,35,15
35-16,경상북도,예천군,35,16
35-17,경상북도,울릉군,35,17
35-18,경상북도,울진군,35,18
35-19,경상북도,의성군,35,19
35-20,경상북도,청도군,35,20
35-21,경상북도,청송군,35,21
35-22,경상북도,칠곡군,35,22
35-23,경상북도,포항시,35,23
36-1,경상남도,거제시,36,1
36-2,경상남도,거창군,36,2
36-3,경상남도,고성군,36,3
36-4,경상남도,김해시,36,4
36-5,경상남도,남해군,36,5
36-6,경상남도,마산시,36,6
36-7,경상남도,밀양시,36,7
36-8,경상남도,사천시,36,8
36-9,경상남도,산청군,36,9
36-10,경상남도,양산시,36,10
36-12,경상남도,의령군,36,12
36-13,경상남도,진주시,36,13
36-14,경상남도,진해시,36,14
36-15,경상남도,창녕군,36,15
36-16,경상남도,창원시,36,16
36-17,경상남도,통영시,36,17
36-18,경상남도,하동군,36,18
36-19,경상남도,함안군,36,19
36-20,경상남도,함양군,36,20
36-21,경상남도,합천군,36,21
37-1,전북특별자치도,고창군,37,1
37-2,전북특별자치도,군산시,37,2
37-3,전북특별자치도,김제시,37,3
37-4,전북특별자치도,남원시,37,4
37-5,전북특별자치도,무주군,37,5
37-6,전북특별자치도,부안군,37,6
37-7,전북특별자치도,순창군,37,7
37-8,전북특별자치도,완주군,37,8
37-9,전북특별자치도,익산시,37,9
37-10,전북특별자치도,임실군,37,10
37-11,전북특별자치도,장수군,37,11
37-12,전북특별자치도,전주시,37,12
37-13,전북특별자치도,정읍시,37,13
37-14,전북특별자치도,진안군,37,14
38-1,전라남도,강진군,38,1
38-2,전라남도,고흥군,38,2
38-3,전라남도,곡성군,38,3
38-4,전라남도,광양시,38,4
38-5,전라남도,구례군,38,5
38-6,전라남도,나주시,38,6
38-7,전라남도,담양군,38,7
38-8,전라남도,목포시,38,8
38-9,전라남도,무안군,38,9
38-10,전라남도,보성군,38,10
38-11,전라남도,순천시,38,11
38-12,전라남도,신안군,38,12
38-13,전라남도,여수시,38,13
38-16,전라남도,영광군,38,16
38-17,전라남도,영암군,38,17
38-18,전라남도,완도군,38,18
38-19,전라남도,장성군,38,19
38-20,전라남도,장흥군,38,20
38-21,전라남도,진도군,38,21
38-22,전라남도,함평군,38,22
38-23,전라남도,해남군,38,23
38-24,전라남도,화순군,38,24
39-1,제주특별자치도,남제주군,39,1
39-2,제주특별자치도,북제주군,39,2
39-3,제주특별자치도,서귀포시,39,3
39-4,제주특별자치도,제주시,39,4
