region_id,admin_sido_cd,admin_signgu_cd,admin_nm
1-1,11,11680,강남구
1-2,11,11740,강동구
1-3,11,11305,강북구
1-4,11,11500,강서구
1-5,11,11620,관악구
1-6,11,11215,광진구
1-7,11,11530,구로구
1-8,11,11545,금천구
1-9,11,11350,노원구
1-10,11,11320,도봉구
1-11,11,11230,동대문구
1-12,11,11590,동작구
1-13,11,11440,마포구
1-14,11,11410,서대문구
1-15,11,11650,서초구
1-16,11,11200,성동구
1-17,11,11290,성북구
1-18,11,11710,송파구
1-19,11,11470,양천구
1-20,11,11560,영등포구
1-21,11,11170,용산구
1-22,11,11380,은평구
1-23,11,11110,종로구
1-24,11,11140,중구
1-25,11,11260,중랑구
2-1,28,28710,강화군
2-2,28,28245,계양구
2-3,28,28177,미추홀구
2-4,28,28200,남동구
2-5,28,28140,동구
2-6,28,28237,부평구
2-7,28,28260,서구
2-8,28,28185,연수구
2-9,28,28720,옹진군
2-10,28,28110,중구
3-1,30,30230,대덕구
3-2,30,30110,동구
3-3,30,30170,서구
3-4,30,30200,유성구
3-5,30,30140,중구
4-1,27,27200,남구
4-2,27,27290,달서구
4-3,27,27710,달성군
4-4,27,27140,동구
4-5,27,27230,북구
4-6,27,27170,서구
4-7,27,27260,수성구
4-8,27,27110,중구
4-9,27,27720,군위군
5-1,29,29200,광산구
5-2,29,29155,남구
5-3,29,29110,동구
5-4,29,29170,북구
5-5,29,29140,서구
6-1,26,26440,강서구
6-2,26,26410,금정구
6-3,26,26710,기장군
6-4,26,26290,남구
6-5,26,26170,동구
6-6,26,26260,동래구
6-7,26,26230,부산진구
6-8,26,26320,북구
6-9,26,26530,사상구
6-10,26,26380,사하구
6-11,26,26140,서구
6-12,26,26500,수영구
6-13,26,26470,연제구
6-14,26,26200,영도구
6-15,26,26110,중구
6-16,26,26350,해운대구
7-1,31,31110,중구
7-2,31,31140,남구
7-3,31,31170,동구
7-4,31,31200,북구
7-5,31,31710,울주군
8-1,36,36110,세종특별자치시
31-1,41,41820,가평군
31-2,41,41281,고양시 덕양구
31-2,41,41285,고양시 일산동구
31-2,41,41287,고양시 일산서구
31-3,41,41290,과천시
31-4,41,41210,광명시
31-5,41,41610,광주시
31-6,41,41310,구리시
31-7,41,41410,군포시
31-8,41,41570,김포시
31-9,41,41360,남양주시
31-10,41,41250,동두천시
31-11,41,41192,부천시 원미구
31-11,41,41194,부천시 소사구
31-11,41,41196,부천시 오정구
31-12,41,41131,성남시 수정구
31-12,41,41133,성남시 중원구
31-12,41,41135,성남시 분당구
31-13,41,41111,수원시 장안구
31-13,41,41113,수원시 권선구
31-13,41,41115,수원시 팔달구
31-13,41,41117,수원시 영통구
31-14,41,41390,시흥시
31-15,41,41271,안산시 상록구
31-15,41,41273,안산시 단원구
31-16,41,41550,안성시
31-17,41,41171,안양시 만안구
31-17,41,41173,안양시 동안구
31-18,41,41630,양주시
31-19,41,41830,양평군
31-20,41,41670,여주시
31-21,41,41800,연천군
31-22,41,41370,오산시
31-23,41,41461,용인시 처인구
31-23,41,41463,용인시 기흥구
31-23,41,41465,용인시 수지구
31-24,41,41430,의왕시
31-25,41,41150,의정부시
31-26,41,41500,이천시
31-27,41,41480,파주시
31-28,41,41220,평택시
31-29,41,41650,포천시
31-30,41,41450,하남시
31-31,41,41590,화성시
32-1,51,51150,강릉시
32-2,51,51820,고성군
32-3,51,51170,동해시
32-4,51,51230,삼척시
32-5,51,51210,속초시
32-6,51,51800,양구군
32-7,51,51830,양양군
32-8,51,51750,영월군
32-9,51,51130,원주시
32-10,51,51810,인제군
32-11,51,51770,정선군
32-12,51,51780,철원군
32-13,51,51110,춘천시
32-14,51,51190,태백시
32-15,51,51760,평창군
32-16,51,51720,홍천군
32-17,51,51790,화천군
32-18,51,51730,횡성군
33-1,43,43760,괴산군
33-2,43,43800,단양군
33-3,43,43720,보은군
33-4,43,43740,영동군
33-5,43,43730,옥천군
33-6,43,43770,음성군
33-7,43,43150,제천시
33-8,43,43750,진천군
33-10,43,43111,청주시 상당구
33-10,43,43112,청주시 서원구
33-10,43,43113,청주시 흥덕구
33-10,43,43114,청주시 청원구
33-11,43,43130,충주시
33-12,43,43745,증평군
34-1,44,44150,공주시
34-2,44,44710,금산군
34-3,44,44230,논산시
34-4,44,44270,당진시
34-5,44,44180,보령시
34-6,44,44760,부여군
34-7,44,44210,서산시
34-8,44,44770,서천군
34-9,44,44200,아산시
34-11,44,44810,예산군
34-12,44,44131,천안시 동남구
34-12,44,44133,천안시 서북구
34-13,44,44790,청양군
34-14,44,44825,태안군
34-15,44,44800,홍성군
34-16,44,44250,계룡시
35-1,47,47290,경산시
35-2,47,47130,경주시
35-3,47,47830,고령군
35-4,47,47190,구미시
35-6,47,47150,김천시
35-7,47,47280,문경시
35-8,47,47920,봉화군
35-9,47,47250,상주시
35-10,47,47840,성주군
35-11,47,47170,안동시
35-12,47,47770,영덕군
35-13,47,47760,영양군
35-14,47,47210,영주시
35-15,47,47230,영천시
35-16,47,47900,예천군
35-17,47,47940,울릉군
35-18,47,47930,울진군
35-19,47,47730,의성군
35-20,47,47820,청도군
35-21,47,47750,청송군
35-22,47,47850,칠곡군
35-23,47,47111,포항시 남구
35-23,47,47113,포항시 북구
36-1,48,48310,거제시
36-2,48,48880,거창군
36-3,48,48820,고성군
36-4,48,48250,김해시
36-5,48,48840,남해군
36-7,48,48270,밀양시
36-8,48,48240,사천시
36-9,48,48860,산청군
36-10,48,48330,양산시
36-12,48,48720,의령군
36-13,48,48170,진주시
36-15,48,48740,창녕군
36-16,48,48121,창원시 의창구
36-16,48,48123,창원시 성산구
36-16,48,48125,창원시 마산합포구
36-16,48,48127,창원시 마산회원구
36-16,48,48129,창원시 진해구
36-17,48,48220,통영시
36-18,48,48850,하동군
36-19,48,48730,함안군
36-20,48,48870,함양군
36-21,48,48890,합천군
37-1,52,52790,고창군
37-2,52,52130,군산시
37-3,52,52210,김제시
37-4,52,52190,남원시
37-5,52,52730,무주군
37-6,52,52800,부안군
37-7,52,52770,순창군
37-8,52,52710,완주군
37-9,52,52140,익산시
37-10,52,52750,임실군
37-11,52,52740,장수군
37-12,52,52111,전주시 완산구
37-12,52,52113,전주시 덕진구
37-13,52,52180,정읍시
37-14,52,52720,진안군
38-1,46,46810,강진군
38-2,46,46770,고흥군
38-3,46,46720,곡성군
38-4,46,46230,광양시
38-5,46,46730,구례군
38-6,46,46170,나주시
38-7,46,46710,담양군
38-8,46,46110,목포시
38-9,46,46840,무안군
38-10,46,46780,보성군
38-11,46,46150,순천시
38-12,46,46910,신안군
38-13,46,46130,여수시
38-16,46,46870,영광군
38-17,46,46830,영암군
38-18,46,46890,완도군
38-19,46,46880,장성군
38-20,46,46800,장흥군
38-21,46,46900,진도군
38-22,46,46860,함평군
38-23,46,46820,해남군
38-24,46,46790,화순군
39-3,50,50130,서귀포시
39-4,50,50110,제주시
