region_id,asof,source,sup_attraction,sup_culture,sup_festival,sup_course,sup_leports,sup_lodging,sup_shopping,sup_food
1-1,2026-06,tourapi,23,37,7,1,4,23,10,195
1-2,2026-06,tourapi,10,4,1,0,3,1,4,29
1-3,2026-06,tourapi,12,3,2,0,2,1,4,15
1-4,2026-06,tourapi,7,5,1,0,5,5,6,33
1-5,2026-06,tourapi,8,5,1,0,2,4,0,17
1-6,2026-06,tourapi,16,9,5,0,5,3,5,16
1-7,2026-06,tourapi,24,5,3,0,3,1,7,9
1-8,2026-06,tourapi,5,2,5,0,0,2,2,5
1-9,2026-06,tourapi,11,7,5,1,4,0,2,18
1-10,2026-06,tourapi,8,0,1,0,1,1,1,10
1-11,2026-06,tourapi,6,4,1,1,0,8,3,27
1-12,2026-06,tourapi,7,2,3,1,3,1,2,10
1-13,2026-06,tourapi,25,16,5,1,5,34,8,74
1-14,2026-06,tourapi,15,5,2,1,1,4,2,23
1-15,2026-06,tourapi,22,16,9,1,3,13,7,59
1-16,2026-06,tourapi,17,8,3,0,2,5,5,141
1-17,2026-06,tourapi,14,8,2,6,5,5,1,40
1-18,2026-06,tourapi,17,7,4,1,4,12,11,72
1-19,2026-06,tourapi,16,7,2,1,4,1,2,8
1-20,2026-06,tourapi,19,5,6,1,3,10,7,51
1-21,2026-06,tourapi,21,16,3,4,0,17,7,70
1-22,2026-06,tourapi,8,4,1,0,2,11,2,18
1-23,2026-06,tourapi,87,65,15,19,1,59,25,95
1-24,2026-06,tourapi,50,20,15,8,5,33,36,79
1-25,2026-06,tourapi,8,0,2,0,1,0,2,15
2-1,2026-06,tourapi,35,10,1,16,56,8,5,75
2-2,2026-06,tourapi,10,3,2,0,6,0,2,17
2-3,2026-06,tourapi,5,7,3,1,0,1,7,15
2-4,2026-06,tourapi,10,5,2,1,1,3,2,29
2-5,2026-06,tourapi,5,3,2,0,3,0,2,13
2-6,2026-06,tourapi,11,5,1,0,0,0,6,12
2-7,2026-06,tourapi,17,1,1,0,8,5,2,60
2-8,2026-06,tourapi,14,4,3,0,6,3,2,73
2-9,2026-06,tourapi,26,1,0,5,18,12,0,13
2-10,2026-06,tourapi,40,8,6,7,11,15,2,80
3-1,2026-06,tourapi,18,4,1,0,2,1,3,12
3-2,2026-06,tourapi,20,5,2,2,2,2,3,26
3-3,2026-06,tourapi,10,4,0,3,2,1,4,33
3-4,2026-06,tourapi,23,7,6,4,3,9,3,119
3-5,2026-06,tourapi,17,2,3,2,4,1,3,16
4-1,2026-06,tourapi,13,2,1,2,0,5,6,19
4-2,2026-06,tourapi,21,5,0,2,2,5,8,14
4-3,2026-06,tourapi,50,5,2,3,4,2,3,30
4-4,2026-06,tourapi,37,4,1,3,5,4,6,44
4-5,2026-06,tourapi,17,8,3,0,2,3,9,14
4-6,2026-06,tourapi,8,2,0,1,0,3,4,7
4-7,2026-06,tourapi,15,9,2,0,7,4,5,50
4-8,2026-06,tourapi,19,19,1,3,1,10,6,21
4-9,2026-06,tourapi,27,3,0,0,11,1,1,8
5-1,2026-06,tourapi,17,2,0,0,1,5,2,23
5-2,2026-06,tourapi,16,8,0,0,1,1,0,11
5-3,2026-06,tourapi,14,7,1,1,0,9,1,18
5-4,2026-06,tourapi,29,5,0,2,5,2,0,13
5-5,2026-06,tourapi,9,2,0,2,2,2,2,29
6-1,2026-06,tourapi,10,2,0,0,1,1,1,33
6-2,2026-06,tourapi,13,3,3,1,3,1,5,15
6-3,2026-06,tourapi,16,4,3,2,7,5,5,87
6-4,2026-06,tourapi,9,3,1,2,2,1,0,15
6-5,2026-06,tourapi,11,4,0,1,1,9,4,15
6-6,2026-06,tourapi,6,4,1,2,0,1,1,25
6-7,2026-06,tourapi,6,4,3,0,0,10,3,23
6-8,2026-06,tourapi,5,1,1,0,3,2,1,2
6-9,2026-06,tourapi,4,2,1,0,2,2,4,12
6-10,2026-06,tourapi,11,2,3,0,1,3,4,8
6-11,2026-06,tourapi,10,1,2,0,3,2,1,7
6-12,2026-06,tourapi,11,1,3,0,4,10,4,24
6-13,2026-06,tourapi,3,1,0,0,0,1,1,7
6-14,2026-06,tourapi,13,4,2,3,2,4,4,11
6-15,2026-06,tourapi,14,3,5,2,0,5,12,13
6-16,2026-06,tourapi,24,9,10,3,10,22,6,64
7-1,2026-06,tourapi,13,3,2,1,5,0,1,17
7-2,2026-06,tourapi,17,5,3,1,5,4,4,18
7-3,2026-06,tourapi,18,3,0,1,3,2,1,16
7-4,2026-06,tourapi,13,0,0,0,2,1,1,20
7-5,2026-06,tourapi,57,4,3,6,11,4,2,47
8-1,2026-06,tourapi,25,5,4,1,8,4,0,65
31-1,2026-06,tourapi,50,5,0,9,136,21,2,88
31-2,2026-06,tourapi,32,10,7,7,18,4,4,231
31-3,2026-06,tourapi,15,7,2,1,3,0,2,19
31-4,2026-06,tourapi,5,4,1,6,4,4,3,37
31-5,2026-06,tourapi,39,6,2,4,15,1,1,149
31-6,2026-06,tourapi,4,1,2,0,2,2,0,37
31-7,2026-06,tourapi,3,1,0,1,0,0,1,11
31-8,2026-06,tourapi,30,11,2,2,16,10,4,87
31-9,2026-06,tourapi,30,10,0,8,24,3,2,151
31-10,2026-06,tourapi,7,2,0,1,10,2,2,19
31-11,2026-06,tourapi,14,10,2,3,5,4,11,68
31-12,2026-06,tourapi,36,15,1,4,6,2,8,134
31-13,2026-06,tourapi,44,21,9,2,7,21,11,195
31-14,2026-06,tourapi,19,7,1,1,15,5,5,88
31-15,2026-06,tourapi,45,12,1,10,31,8,4,79
31-16,2026-06,tourapi,56,8,1,10,31,1,1,67
31-17,2026-06,tourapi,14,2,1,1,2,1,1,60
31-18,2026-06,tourapi,33,7,3,5,29,2,1,59
31-19,2026-06,tourapi,47,9,3,9,54,20,5,81
31-20,2026-06,tourapi,37,8,2,4,26,1,1,69
31-21,2026-06,tourapi,31,4,0,20,27,3,1,11
31-22,2026-06,tourapi,13,5,0,1,3,2,1,28
31-23,2026-06,tourapi,69,19,1,4,64,11,7,188
31-24,2026-06,tourapi,12,0,2,1,3,0,1,62
31-25,2026-06,tourapi,8,2,1,1,3,4,1,34
31-26,2026-06,tourapi,31,4,1,8,17,4,2,56
31-27,2026-06,tourapi,54,22,4,14,48,9,5,151
31-28,2026-06,tourapi,26,6,2,3,5,6,1,94
31-29,2026-06,tourapi,38,5,4,9,96,8,0,74
31-30,2026-06,tourapi,16,1,0,1,4,1,5,80
31-31,2026-06,tourapi,68,4,3,6,22,15,7,101
32-1,2026-06,tourapi,51,13,3,18,35,182,32,486
32-2,2026-06,tourapi,43,5,1,19,19,10,5,36
32-3,2026-06,tourapi,29,1,2,9,8,11,2,17
32-4,2026-06,tourapi,71,4,2,12,24,11,2,23
32-5,2026-06,tourapi,44,9,1,10,12,9,2,64
32-6,2026-06,tourapi,24,4,2,8,6,2,1,7
32-7,2026-06,tourapi,69,1,2,8,37,29,1,37
32-8,2026-06,tourapi,47,14,1,6,89,6,2,20
32-9,2026-06,tourapi,53,10,4,8,35,11,8,69
32-10,2026-06,tourapi,29,5,2,5,33,10,1,7
32-11,2026-06,tourapi,31,5,0,4,24,16,3,9
32-12,2026-06,tourapi,34,1,0,10,15,5,2,12
32-13,2026-06,tourapi,71,17,4,9,40,32,7,87
32-14,2026-06,tourapi,28,4,1,4,7,1,3,8
32-15,2026-06,tourapi,79,6,1,11,41,82,3,273
32-16,2026-06,tourapi,35,5,3,3,57,12,1,24
32-17,2026-06,tourapi,35,3,0,12,11,3,2,8
32-18,2026-06,tourapi,13,2,4,1,25,8,0,27
33-1,2026-06,tourapi,86,4,0,8,26,2,1,16
33-2,2026-06,tourapi,56,1,0,9,23,4,0,27
33-3,2026-06,tourapi,32,2,1,3,12,1,2,13
33-4,2026-06,tourapi,35,3,1,5,9,0,3,10
33-5,2026-06,tourapi,38,4,1,5,5,3,1,20
33-6,2026-06,tourapi,33,7,0,1,14,0,5,15
33-7,2026-06,tourapi,70,12,2,8,41,7,2,44
33-8,2026-06,tourapi,39,3,1,3,13,0,2,11
33-9,2026-06,tourapi,0,0,0,0,0,0,0,0
33-10,2026-06,tourapi,67,11,1,10,18,9,12,137
33-11,2026-06,tourapi,104,13,0,17,38,6,5,39
33-12,2026-06,tourapi,10,2,0,1,3,1,2,10
34-1,2026-06,tourapi,51,11,2,8,21,8,1,50
34-2,2026-06,tourapi,29,3,0,4,8,1,2,10
34-3,2026-06,tourapi,47,3,3,1,11,4,4,22
34-4,2026-06,tourapi,36,6,2,4,14,2,3,18
34-5,2026-06,tourapi,57,1,3,6,15,10,2,20
34-6,2026-06,tourapi,59,2,1,6,16,4,3,20
34-7,2026-06,tourapi,54,5,1,9,14,3,2,25
34-8,2026-06,tourapi,42,1,5,13,12,2,2,18
34-9,2026-06,tourapi,47,7,3,7,25,8,1,61
34-11,2026-06,tourapi,31,3,4,9,11,2,2,21
34-12,2026-06,tourapi,46,9,1,2,20,8,5,96
34-13,2026-06,tourapi,27,3,1,4,6,0,3,6
34-14,2026-06,tourapi,85,5,1,5,57,22,8,50
34-15,2026-06,tourapi,35,3,3,4,7,2,1,17
34-16,2026-06,tourapi,8,1,0,1,0,0,0,9
35-1,2026-06,tourapi,24,4,3,3,2,0,0,31
35-2,2026-06,tourapi,107,12,4,16,44,70,3,130
35-3,2026-06,tourapi,19,1,0,3,12,10,0,10
35-4,2026-06,tourapi,31,7,1,2,7,4,6,19
35-6,2026-06,tourapi,19,1,0,4,12,1,0,11
35-7,2026-06,tourapi,23,5,2,5,20,4,3,26
35-8,2026-06,tourapi,29,2,2,9,9,9,1,7
35-9,2026-06,tourapi,43,5,0,9,20,0,4,16
35-10,2026-06,tourapi,22,2,1,2,11,1,1,12
35-11,2026-06,tourapi,72,14,1,7,6,53,1,22
35-12,2026-06,tourapi,34,4,0,6,6,9,3,9
35-13,2026-06,tourapi,8,0,0,3,2,2,1,10
35-14,2026-06,tourapi,40,2,0,9,5,9,1,20
35-15,2026-06,tourapi,42,5,1,3,12,2,2,9
35-16,2026-06,tourapi,38,2,1,6,2,4,1,8
35-17,2026-06,tourapi,39,4,0,2,3,4,0,11
35-18,2026-06,tourapi,38,1,2,8,8,2,2,8
35-19,2026-06,tourapi,35,4,0,6,2,1,1,7
35-20,2026-06,tourapi,35,4,3,3,32,4,3,25
35-21,2026-06,tourapi,37,2,0,6,5,5,1,11
35-22,2026-06,tourapi,24,1,0,5,14,0,3,14
35-23,2026-06,tourapi,79,8,3,7,32,20,9,61
36-1,2026-06,tourapi,59,4,0,14,13,18,0,127
36-2,2026-06,tourapi,62,4,1,2,15,0,0,15
36-3,2026-06,tourapi,32,5,0,4,15,5,0,9
36-4,2026-06,tourapi,38,8,2,11,9,2,4,38
36-5,2026-06,tourapi,56,6,0,11,14,12,3,32
36-6,2026-06,tourapi,0,0,0,0,0,0,0,0
36-7,2026-06,tourapi,32,5,0,7,29,6,0,9
36-8,2026-06,tourapi,24,2,1,10,11,1,4,19
36-9,2026-06,tourapi,67,6,0,7,28,3,2,18
36-10,2026-06,tourapi,23,4,0,2,13,0,3,46
36-12,2026-06,tourapi,15,2,0,1,4,1,0,19
36-13,2026-06,tourapi,35,9,4,3,5,10,5,34
36-14,2026-06,tourapi,0,0,0,0,0,0,0,0
36-15,2026-06,tourapi,26,3,0,10,0,2,0,20
36-16,2026-06,tourapi,113,19,1,6,13,7,8,133
36-17,2026-06,tourapi,76,5,0,5,25,27,2,70
36-18,2026-06,tourapi,61,4,2,9,20,2,2,31
36-19,2026-06,tourapi,27,4,1,1,1,0,0,15
36-20,2026-06,tourapi,37,2,0,3,17,2,1,18
36-21,2026-06,tourapi,32,1,3,3,14,1,1,15
37-1,2026-06,tourapi,59,6,1,11,6,1,0,13
37-2,2026-06,tourapi,65,6,1,7,5,15,6,80
37-3,2026-06,tourapi,48,2,0,2,4,0,2,13
37-4,2026-06,tourapi,56,4,1,6,13,12,6,30
37-5,2026-06,tourapi,38,4,0,9,33,15,2,16
37-6,2026-06,tourapi,51,9,3,4,10,17,2,23
37-7,2026-06,tourapi,34,3,1,2,7,0,2,8
37-8,2026-06,tourapi,57,8,1,2,18,6,0,22
37-9,2026-06,tourapi,67,8,8,8,5,4,5,22
37-10,2026-06,tourapi,51,1,0,2,5,3,3,14
37-11,2026-06,tourapi,44,2,0,1,7,0,1,4
37-12,2026-06,tourapi,53,26,12,5,5,92,5,72
37-13,2026-06,tourapi,53,7,2,3,7,0,2,17
37-14,2026-06,tourapi,33,2,0,4,8,0,1,7
38-1,2026-06,tourapi,32,5,1,6,3,15,1,16
38-2,2026-06,tourapi,52,5,0,5,4,2,1,11
38-3,2026-06,tourapi,31,6,2,1,14,3,2,13
38-4,2026-06,tourapi,15,7,1,2,4,4,4,17
38-5,2026-06,tourapi,38,2,0,4,17,5,2,12
38-6,2026-06,tourapi,39,2,0,4,0,9,5,21
38-7,2026-06,tourapi,35,8,2,4,13,2,2,55
38-8,2026-06,tourapi,22,12,3,9,1,20,4,40
38-9,2026-06,tourapi,32,2,2,3,2,2,4,8
38-10,2026-06,tourapi,28,5,0,5,5,7,1,12
38-11,2026-06,tourapi,25,5,3,6,4,16,2,35
38-12,2026-06,tourapi,52,6,0,3,8,1,0,11
38-13,2026-06,tourapi,78,10,3,9,18,32,7,92
38-16,2026-06,tourapi,34,0,0,3,2,1,2,20
38-17,2026-06,tourapi,23,3,1,6,5,7,2,10
38-18,2026-06,tourapi,35,3,0,4,2,2,1,13
38-19,2026-06,tourapi,25,2,1,0,13,2,1,16
38-20,2026-06,tourapi,39,5,0,4,3,4,1,9
38-21,2026-06,tourapi,41,5,0,6,1,2,1,11
38-22,2026-06,tourapi,19,1,0,2,4,3,0,11
38-23,2026-06,tourapi,50,6,0,5,5,10,2,14
38-24,2026-06,tourapi,40,2,2,2,5,2,2,18
39-1,2026-06,tourapi,0,0,0,0,0,0,0,0
39-2,2026-06,tourapi,0,0,0,0,0,0,0,0
39-3,2026-06,tourapi,162,28,5,3,29,33,11,202
39-4,2026-06,tourapi,195,24,8,5,49,30,17,326
